"sampleID","incubationID","startDate","depth","treatment","durationInDays_t0","durationInDays_t1","durationInDays_t2","HgT_198_ppt_t0","HgT_198_ppt_t1","HgT_198_ppt_t2","MeHg_198_ppt_t0","MeHg_198_ppt_t1","MeHg_198_ppt_t2","Kmet_assumption_t1","Kmet_assumption_t2","Kmet_assumption_slope","Kmet_int_t1","Kmet_int_t2","HgT_204_ppt_t0","HgT_204_ppt_t1","HgT_204_ppt_t2","MeHg_204_ppt_t0","MeHg_204_ppt_t1","MeHg_204_ppt_t2","MeHg_204_per_t0","MeHg_204_per_t1","MeHg_204_per_t2","Kdem_t1","Kdem_t2","Kdem_slope"
"BLiMMP_sample_0046","BLI20_MA_001","2020-09-02",20.7,"unfiltered-unamended",0,0.871528,3.471528,0.788,0.672,0.373,-0.003,0.087,0.203,0.131049373020193,0.0753043961612737,0.0710136293455206,0.13423573634271,0.08580839406337,0.99,0.95,0.753,0.961,0.663,0.7,0.970707070707071,0.697894736842105,0.929614873837981,0.378595363832695,0.0941788197532583,-0.0157222108664405
"BLiMMP_sample_0046","BLI20_MA_002","2020-09-02",20.7,"unfiltered-molybdate",0,0.876389,3.466667,0.862,0.791,0.591,0,0.031,0.119,0.0410352902993561,0.0398224127334776,0.0397289658300215,0.0417913458615351,0.0428536187484791,1.075,0.943,0.861,0.983,0.874,0.954,0.914418604651163,0.926829268292683,1.10801393728223,-0.0153823398475729,-0.0122236179248673,-0.058477790549247
"BLiMMP_sample_0046","BLI20_MA_003","2020-09-02",20.7,"unfiltered-unamended",0,0.869444,3.484722,0.79,0.679,0.472,-0.003,0.061,0.141,0.0931775459119254,0.0523078974485363,0.0491650555626752,0.0924259796518338,0.0564177655368139,0.959,0.914,0.79,0.71,0.654,0.602,0.740354535974974,0.715536105032823,0.762025316455696,0.0392171492918166,0.0593653464538172,-0.0119315969928067
"BLiMMP_sample_0046","BLI20_MA_004","2020-09-02",20.7,"unfiltered-molybdate",0,0.8625,3.470139,0.815,0.788,0.601,0,0.024,0.102,0.0341424379834623,0.0360658101111018,0.0362136244713388,0.0346552411283581,0.0385306446878833,0.957,0.982,0.854,0.868,0.879,0.818,0.907001044932079,0.895112016293279,0.957845433255269,0.0152982421758664,0.0297628612533348,-0.0181013939373703
"BLiMMP_sample_0046","BLI20_MA_005","2020-09-02",20.7,"unfiltered-unamended",0,0.868056,3.452083,0.699,0.595,0.438,0.003,0.077,0.187,0.121957019103071,0.0762534360476897,0.0727347463001743,0.134450599379108,0.0901850034296112,0.921,0.856,0.799,0.905,0.839,0.575,0.982627578718784,0.980140186915888,0.71964956195244,0.00291983134631317,0.155228059588778,0.0969470759016228
"BLiMMP_sample_0046","BLI20_MA_006","2020-09-02",20.7,"unfiltered-molybdate",0,0.867361,3.447222,0.763,0.678,0.587,-0.001,0.022,0.099,0.0347538888177433,0.0380194832103959,0.0382709208989825,0.0337315212332236,0.0403153268945322,0.897,0.861,0.858,0.933,0.893,0.902,1.04013377926421,1.03716608594657,1.05128205128205,0.00329420199868258,0.0413347610650144,-0.00358442160408477
"BLiMMP_sample_0046","BLI20_MA_007","2020-09-02",20.7,"unfiltered-unamended",0,0.866667,3.475694,0.688,0.72,0.387,0.001,0.06,0.229,0.0989489780428797,0.0953465261433283,0.095069527138371,0.105286888118672,0.116448291441306,0.884,0.935,0.733,0.993,0.658,0.757,1.12330316742081,0.703743315508021,1.03274215552524,0.539555791752656,0.113550164931728,-0.0154439053450081
"BLiMMP_sample_0046","BLI20_MA_008","2020-09-02",20.7,"unfiltered-molybdate",0,0.870833,3.502778,0.865,0.748,0.625,-0.003,0.012,0.078,0.0199131641341425,0.0267335293578725,0.0272577077280952,0.0160420648278145,0.0269789460007103,0.888,0.842,0.76,0.826,0.71,0.795,0.93018018018018,0.843230403800475,1.04605263157895,0.112694483024614,0.0448319005248443,-0.0447534640281675
"BLiMMP_sample_0046","BLI20_MA_009","2020-09-02",20.7,"filtered-unamended",0,0.86875,3.490278,0.776,0.686,0.472,0,-0.001,0.001,-0.00148334940295187,0.000369214083753338,0.000511620126300488,-0.00148239445689633,0.000369452184001318,0.954,0.914,0.732,1.021,0.674,0.39,1.07023060796646,0.737417943107221,0.532786885245902,0.428747749361982,0.289227014746339,0.182247246342592
"BLiMMP_sample_0046","BLI20_MA_010","2020-09-02",20.7,"filtered-unamended",0,0.867361,3.495139,0.76,0.721,0.478,-0.001,0.002,0.002,0.00455100981143103,0.0011293881076125,0.000866499089284277,0.00303800567238452,0.000753917837890028,0.984,0.925,0.696,0.835,0.699,0.392,0.848577235772358,0.755675675675676,0.563218390804598,0.133680005300235,0.220963820606355,0.116014952052394
"BLiMMP_sample_0048","BLI20_MA_011","2020-09-02",15.5,"unfiltered-unamended",0,0.811806,3.474306,0.681,0.627,0.46,0,0.029,0.08,0.0524564177339404,0.0338123074065235,0.0323989481926349,0.0536060884285894,0.0359690170106792,0.908,0.813,0.726,0.875,0.623,0.527,0.963656387665198,0.76629766297663,0.725895316804408,0.282289239691107,0.173713610199302,0.0663322944498182
"BLiMMP_sample_0048","BLI20_MA_012","2020-09-02",15.5,"unfiltered-molybdate",0,0.829861,3.452083,0.717,0.639,0.516,-0.002,0.02,0.064,0.0369741475600616,0.0266651205098548,0.0258780311898811,0.0340905643705349,0.0270847228537637,0.883,0.855,0.748,0.854,0.706,0.77,0.967157417893545,0.825730994152047,1.02941176470588,0.190504463552484,0.0660386083761651,-0.0339953107716982
"BLiMMP_sample_0048","BLI20_MA_013","2020-09-02",15.5,"unfiltered-unamended",0,0.834722,3.4625,0.743,0.615,0.451,-0.001,0.049,0.14,0.0806193571146097,0.0548075661650738,0.0528355983924631,0.0817327016790676,0.0602971402138841,0.935,0.856,0.727,0.737,0.692,0.659,0.788235294117647,0.808411214953271,0.90646492434663,-0.0302786036252521,0.0517178649473731,-0.0411330561488894
"BLiMMP_sample_0048","BLI20_MA_014","2020-09-02",15.5,"unfiltered-molybdate",0,0.820833,3.473611,0.679,0.584,0.49,-0.002,0.023,0.06,0.0448554715171551,0.0262869823663518,0.0248751471076441,0.0419821554623256,0.0266339134906298,0.84,0.815,0.695,0.76,0.649,0.742,0.904761904761905,0.796319018404908,1.06762589928058,0.155539479991411,0.0570940664506688,-0.0631003150723483
"BLiMMP_sample_0048","BLI20_MA_015","2020-09-02",15.5,"unfiltered-unamended",0,0.836111,3.471528,0.756,0.643,0.441,0.002,0.05,0.114,0.0759373617762037,0.042675198975249,0.040134570440486,0.0818385820618207,0.0470838986433559,0.922,0.91,0.705,0.752,0.699,0.634,0.815618221258134,0.768131868131868,0.899290780141844,0.0717428160499402,0.0725609659314737,-0.03576033009897
"BLiMMP_sample_0048","BLI20_MA_016","2020-09-02",15.5,"unfiltered-molybdate",0,0.835417,3.483333,0.789,0.613,0.562,-0.004,0.019,0.047,0.0348937402849474,0.0185565902743039,0.0173099238056105,0.0291780105003187,0.0176316986284383,0.918,0.738,0.806,0.778,0.662,0.733,0.847494553376906,0.897018970189702,0.909429280397022,-0.0679811372986601,0.0416666194858162,-0.0166062573977104
"BLiMMP_sample_0048","BLI20_MA_017","2020-09-02",15.5,"unfiltered-unamended",0,0.834028,3.470833,0.661,0.585,0.439,-0.001,0.035,0.112,0.0653010869503781,0.0492541996003764,0.0480291408787995,0.0652297869515025,0.0534901559199638,0.779,0.734,0.654,0.786,0.534,0.572,1.00898587933248,0.727520435967303,0.874617737003058,0.392143832356682,0.163523290852887,0.0143819721067828
"BLiMMP_sample_0048","BLI20_MA_018","2020-09-02",15.5,"unfiltered-molybdate",0,0.831944,3.494444,0.842,0.634,0.628,-0.001,0.025,0.037,0.0371165124785829,0.0129149705447179,0.0110713986237447,0.0362295050896741,0.0128597673403161,1.006,0.794,0.815,0.897,0.816,0.704,0.891650099403579,1.02770780856423,0.863803680981595,-0.170699448902642,0.0676203236403864,0.0227744489740533
"BLiMMP_sample_0048","BLI20_MA_019","2020-09-02",15.5,"filtered-unamended",0,0.830556,3.504861,0.793,0.657,0.56,0,0,0.002,0,0.000719591474765643,0.000774343978287265,0,0.000720500432740149,0.946,0.872,0.765,0.771,0.717,0.557,0.815010570824524,0.822247706422018,0.728104575163399,-0.0106442096369053,0.108602265130145,0.0354292024020502
"BLiMMP_sample_0048","BLI20_MA_020","2020-09-02",15.5,"filtered-unamended",0,0.851389,3.491667,0.855,0.756,0.667,-0.001,0,0.002,0.00137374413255851,0.00100489878611694,0.000976651817925318,0,0.000670717294942829,0.843,0.829,0.748,0.714,0.522,0.408,0.846975088967971,0.629674306393245,0.545454545454545,0.3482175264073,0.209184927690901,0.109013482316716
"BLiMMP_sample_0050","BLI20_MA_021","2020-09-02",11,"unfiltered-unamended",0,0.879861,3.447917,0.674,0.559,0.404,0,0.005,0.013,0.00843132906915156,0.00559405398328706,0.00537520475880298,0.00846275807664911,0.00564870646846217,1.054,0.927,0.811,1.1,1.024,0.875,1.04364326375712,1.10463861920173,1.07891491985203,-0.0645562314370605,0.0511175652748245,-0.00540417076993284
"BLiMMP_sample_0050","BLI20_MA_022","2020-09-02",11,"unfiltered-molybdate",0,0.886806,3.45625,0.812,0.611,0.521,0.001,0.004,0.005,0.00416616631009282,0.00142527547902618,0.00121373845641833,0.00556861550393498,0.00178710217482218,1.169,0.94,0.898,1.206,0.881,0.956,1.03165098374679,0.937234042553192,1.06458797327394,0.108234117882527,0.0220348012284407,-0.0181480172123886
"BLiMMP_sample_0050","BLI20_MA_023","2020-09-02",11,"unfiltered-unamended",0,0.893056,3.463194,0.673,0.539,0.396,0,0.002,0.015,0.0033276392545151,0.00643575309832535,0.00667574590771708,0.00333259355857416,0.00650855779936401,1.011,0.9,0.813,1.155,0.821,0.895,1.14243323442137,0.912222222222222,1.10086100861009,0.251979783806732,0.0704817473819555,-0.00792678872050172
"BLiMMP_sample_0050","BLI20_MA_024","2020-09-02",11,"unfiltered-molybdate",0,0.899306,3.48125,0.639,0.552,0.47,0,0.002,0.006,0.00348033978849704,0.00269721259935435,0.00263673410003142,0.00348579772109994,0.00270995539916945,0.957,0.866,0.819,0.929,0.861,0.873,0.970741901776385,0.994226327944573,1.06593406593407,-0.0265807728452954,0.0304847599291689,-0.0268938638502422
"BLiMMP_sample_0050","BLI20_MA_025","2020-09-02",11,"unfiltered-unamended",0,0.902778,3.471528,0.735,0.536,0.478,-0.001,0.005,0.016,0.00904238395942574,0.00666255657470724,0.00647867428286779,0.00756106713987256,0.00633990032394669,1.066,0.871,0.89,1.06,0.956,0.778,0.99437148217636,1.09758897818599,0.874157303370787,-0.109396057301547,0.070684821549493,0.048436957141004
"BLiMMP_sample_0050","BLI20_MA_026","2020-09-02",11,"unfiltered-molybdate",0,0.911111,3.479861,0.637,0.522,0.46,0,0.001,0.006,0.00172301587042178,0.0027067610678401,0.00278280473386472,0.00172436973326105,0.00271958938329725,0.899,0.776,0.768,0.978,0.75,0.846,1.08787541713014,0.966494845360825,1.1015625,0.12984800887714,0.0722622412042064,-0.0139079656592624
"BLiMMP_sample_0050","BLI20_MA_027","2020-09-02",11,"unfiltered-unamended",0,0.911806,3.477083,0.648,0.494,0.45,0,0.005,0.009,0.00846238057516187,0.00399440821196644,0.00364900435599617,0.00849519756906112,0.00402240670548843,0.912,0.805,0.766,0.923,0.902,0.69,1.01206140350877,1.12049689440994,0.900783289817232,-0.111627910120727,0.110165022180763,0.0447185852657505
"BLiMMP_sample_0050","BLI20_MA_028","2020-09-02",11,"filtered-unamended",0,0.920139,3.499306,0.974,0.618,0.582,-0.002,0.001,0.001,0.00334740961476865,0.000880197997981204,0.000689440947743997,0.00111637639153435,0.000293550051504506,1.176,0.939,0.764,1.233,0.846,0.653,1.0484693877551,0.900958466453674,0.854712041884817,0.164787596556403,0.135315266630434,0.0501629200977144
"BLiMMP_sample_0050","BLI20_MA_029","2020-09-02",11,"filtered-unamended",0,0.927083,3.493056,0.759,0.566,0.521,0,-0.002,-0.001,-0.00284229795315736,-0.000377183491090178,-0.000186527537201712,-0.00283855972556483,-0.000376935235148507,1.027,0.898,0.793,1.088,0.786,0.832,1.05939629990263,0.875278396436526,1.04918032786885,0.205928156767326,0.0691721105096106,-0.0129381917603867
"BLiMMP_sample_0050","BLI20_MA_030","2020-09-02",11,"unfiltered-unamended",0,0.934028,3.509028,0.655,0.548,0.41,0.001,0.001,0.015,0,0.00609115852068627,0.00656228570390524,0.00163580125869158,0.00660213007178467,0.84,0.817,0.704,0.905,0.675,0.754,1.07738095238095,0.826193390452876,1.07102272727273,0.284209312622363,0.101707926763978,-0.0201652029409081
"BLiMMP_sample_0062","BLI20_MA_032","2020-10-10",20.9,"unfiltered-molybdate",0,0.9375,3.472222,1.004,0.9,0.768,0.001,0.047,0.112,0.048871181938911,0.0318406394880001,0.0305234185577468,0.0511401693853015,0.0340649784695982,1.175,1,0.963,1.057,1.024,1.02,0.899574468085106,1.024,1.05919003115265,-0.138186631813694,-0.0361831899009342,-0.0399917289695217
"BLiMMP_sample_0062","BLI20_MA_033","2020-10-10",20.9,"unfiltered-molybdate",0,0.95,3.477083,0.855,0.749,0.785,0.002,0.033,0.089,0.0381655894121268,0.029264295952933,0.0285761106239669,0.0414327093479793,0.0316125036981196,0.972,0.877,0.999,0.9,0.867,0.95,0.925925925925926,0.988597491448119,0.950950950950951,-0.0689400268889338,-0.00738197700445397,-0.00293272948393876
"BLiMMP_sample_0062","BLI20_MA_036","2020-10-10",20.9,"unfiltered-molybdate",0,0.954861,3.477778,0.975,0.945,0.823,0.004,0.05,0.117,0.0494097959592937,0.0333251391829599,0.0320819325120418,0.0551323527564976,0.0367571971269831,1.169,1.153,1.012,1.159,1.085,1.036,0.991445680068435,0.941023417172593,1.02371541501976,0.0546635962325223,-0.0126397550302544,-0.0141466841930862
"BLiMMP_sample_0062","BLI20_MA_039","2020-10-10",20.9,"unfiltered-unamended",0,0.896528,3.48125,0.913,0.852,0.734,0.001,0.074,0.377,0.0891842623877038,0.118299212846162,0.12054705227575,0.0942805736438374,0.152991517278037,1.101,1.029,0.987,1.072,0.936,1.028,0.973660308810173,0.909620991253644,1.04154002026342,0.0758866028328449,-0.0156001327468312,-0.0267124030321416
"BLiMMP_sample_0062","BLI20_MA_040","2020-10-10",20.9,"unfiltered-unamended",0,0.907639,3.486111,0.846,0.992,0.753,-0.005,0.118,0.44,0.16018490933288,0.150885823237524,0.150167251322792,0.165504469739111,0.21059748241077,1.034,1.141,0.95,1.001,0.967,1.04,0.968085106382979,0.847502191060473,1.09473684210526,0.146563312788044,-0.020554706636259,-0.0493190683780734
"BLiMMP_sample_0062","BLI20_MA_041","2020-10-10",20.9,"unfiltered-molybdate",0,0.897222,3.488889,0.9,0.875,0.81,0.001,0.055,0.117,0.0668730815784722,0.0369426739827174,0.0346321841167448,0.0702815311786123,0.0399158779008182,1.081,1.073,1.046,1.078,1.024,0.979,0.99722479185939,0.954333643988816,0.935946462715105,0.0489988774918354,0.00528666010336268,0.0157978164328757
"BLiMMP_sample_0062","BLI20_MA_043","2020-10-10",20.9,"unfiltered-unamended",0,0.911806,3.484722,0.741,0.691,0.709,0.003,0.142,0.276,0.205728351731709,0.105724661144154,0.0979946337588397,0.233316108010517,0.133716038096792,0.91,0.804,0.839,0.928,0.87,0.811,1.01978021978022,1.08208955223881,0.966626936829559,-0.0650432319971115,0.0657367669908902,0.021576339959665
"BLiMMP_sample_0062","BLI20_MA_044","2020-10-10",20.9,"unfiltered-unamended",0,0.915972,3.484028,0.767,0.758,0.699,-0.001,0.166,0.332,0.237705324094243,0.124614113686143,0.115870321735131,0.266265635665772,0.162783068987555,0.88,0.903,0.846,0.703,0.869,0.855,0.798863636363636,0.96234772978959,1.01063829787234,-0.203265588369507,-0.0194921526509576,-0.0569954517111189
"BLiMMP_sample_0062","BLI20_MA_045","2020-10-10",20.9,"filtered-unamended",0,0.920139,3.482639,0.883,0.889,0.782,0,0,0,0,0,0,0,0,1.006,1.012,0.969,0.811,0.822,0.608,0.806163021868787,0.812252964426877,0.627450980392157,-0.00817902703074271,0.0810049794054734,0.0781602849966658
"BLiMMP_sample_0062","BLI20_MA_046","2020-10-10",20.9,"filtered-unamended",0,0.923611,3.48125,0.924,0.834,0.79,0.002,-0.002,0.001,-0.00468704284488202,-0.000310880023626882,2.75765635966726e-05,-0.00234098879776802,0.000311048370221055,1.027,0.992,0.973,1.022,0.791,0.549,0.995131450827653,0.797379032258065,0.564234326824255,0.239867975102408,0.170851389100955,0.157043028244666
"BLiMMP_sample_0064","BLI20_MA_047","2020-10-10",15.7,"unfiltered-molybdate",0,0.952778,NA,0.979,0.782,NA,-0.002,0.005,NA,0.00750453223895697,NA,0.00750453223895697,0.00537411536367898,NA,1.157,1.072,NA,1.117,1.252,NA,0.96542783059637,1.16791044776119,NA,-0.199836833085747,NA,-0.199836833085747
"BLiMMP_sample_0064","BLI20_MA_050","2020-10-10",15.7,"unfiltered-unamended",0,0.970139,NA,0.824,0.778,NA,0,0.086,NA,0.107581420846739,NA,0.107581420846739,0.113619497112269,NA,1.047,1.039,NA,1.04,1.31,NA,0.993314231136581,1.26082771896054,NA,-0.245816984814638,NA,-0.245816984814638
"BLiMMP_sample_0064","BLI20_MA_051","2020-10-10",15.7,"unfiltered-molybdate",0,0.970833,NA,0.975,0.818,NA,-0.001,0.048,NA,0.0517662772654105,NA,0.0517662772654105,0.0520006071404577,NA,1.213,1.104,NA,1.117,1.284,NA,0.92085737840066,1.16304347826087,NA,-0.240505181929039,NA,-0.240505181929039
"BLiMMP_sample_0064","BLI20_MA_053","2020-10-10",15.7,"unfiltered-molybdate",0,0.98125,NA,0.964,0.8,NA,0.005,0.014,NA,0.00951449639242012,NA,0.00951449639242012,0.014908850971678,NA,1.152,1.055,NA,1.103,1.229,NA,0.957465277777778,1.16492890995261,NA,-0.199873514046575,NA,-0.199873514046575
"BLiMMP_sample_0064","BLI20_MA_055","2020-10-10",15.7,"unfiltered-unamended",0,0.931944,NA,0.864,0.716,NA,-0.002,0.019,NA,0.0260804893379383,NA,0.0260804893379383,0.0238599545110884,NA,1.039,1.034,NA,1.078,1.208,NA,1.03753609239654,1.16827852998066,NA,-0.127349457753546,NA,-0.127349457753546
"BLiMMP_sample_0064","BLI20_MA_056","2020-10-10",15.7,"unfiltered-unamended",0,0.934722,NA,0.874,0.774,NA,-0.002,0.013,NA,0.0183610436000019,NA,0.0183610436000019,0.0160324366258681,NA,1.099,1.053,NA,1.079,1.118,NA,0.981801637852593,1.06172839506173,NA,-0.0837298477264427,NA,-0.0837298477264427
"BLiMMP_sample_0064","BLI20_MA_057","2020-10-10",15.7,"unfiltered-molybdate",0,0.939583,NA,0.91,0.758,NA,0,0.004,NA,0.00467825024037727,NA,0.00467825024037727,0.00468856233873578,NA,1.084,1.035,NA,1.309,1.225,NA,1.20756457564576,1.18357487922705,NA,0.0213564598667177,NA,0.0213564598667176
"BLiMMP_sample_0064","BLI20_MA_059","2020-10-10",15.7,"unfiltered-unamended",0,0.94375,NA,0.871,0.706,NA,0.001,0.024,NA,0.027980322534044,NA,0.027980322534044,0.0296066566362367,NA,1.061,0.984,NA,1.02,1.233,NA,0.961357210179076,1.2530487804878,NA,-0.280782875176432,NA,-0.280782875176432
"BLiMMP_sample_0064","BLI20_MA_061","2020-10-10",15.7,"filtered-unamended",0,0.992361,NA,0.915,0.512,NA,0.001,0,NA,-0.00110130907488645,NA,-0.00110130907488645,0,NA,1.125,0.89,NA,1.071,0.968,NA,0.952,1.0876404494382,NA,-0.134226222857572,NA,-0.134226222857572
"BLiMMP_sample_0064","BLI20_MA_062","2020-10-10",15.7,"filtered-unamended",0,0.997917,NA,0.811,0.572,NA,0.002,0.003,NA,0.0012356194179356,NA,0.0012356194179356,0.00371373129660837,NA,1.042,0.957,NA,1.053,1.061,NA,1.010556621881,1.10867293625914,NA,-0.0928558761303451,NA,-0.0928558761303452
"BLiMMP_sample_0073","BLI20_MA_063","2021-09-10",10.8,"unfiltered-unamended",0,0.84375,1.867361,0.444368902889467,0.361458527449693,0.375298144853362,0.003,0.001,0.003,-0.00533423998609548,0,0.000154288860273421,0.00267012552302674,0.00362760043111208,0.818036677608399,0.713836061759536,0.746125612378189,0.83,0.866,0.86,1.01462443276575,1.21316370297319,1.15262093370425,-0.211808060354351,0.0885428242185643,-0.0641376431256155
"BLiMMP_sample_0073","BLI20_MA_064","2021-09-10",10.8,"unfiltered-molybdate",0,0.85,1.869444,0.471302355153042,0.37105291845426,0.37927324613735,0.001,0.001,0.002,0,0.00113497927115816,0.00116607703771246,0.00249886394506014,0.00227478856455073,0.821560303195486,0.675504451887735,0.698070584451474,0.902,0.814,0.746,1.09791088553286,1.20502536693168,1.06865984130557,-0.109519340046918,0.20671325691228,0.0178413753574899
"BLiMMP_sample_0073","BLI20_MA_065","2021-09-10",10.8,"unfiltered-unamended",0,0.861111,1.872917,0.452907785030924,0.431463179392645,0.391803958621966,-0.002,0.002,-0.001,0.0102563083330112,0.00117888565336152,0.000955499605772899,0.0051395103442795,-0.0011775861026842,0.820252304855376,0.762587740491033,0.723134751919971,0.905,0.852,0.832,1.10331905761553,1.11724848795942,1.15054628171442,-0.0145695427780903,0.150698509373903,-0.0225711201904844
"BLiMMP_sample_0073","BLI20_MA_066","2021-09-10",10.8,"unfiltered-molybdate",0,0.849306,1.856944,0.441231505459372,0.42003581823747,0.341466493612543,-0.001,0,0,0.00266851281516562,0.00122049127221772,0.00118293626411185,0,0,0.823138961650594,0.84110099552281,0.769548058650264,0.885,0.774,0.768,1.07515260634165,0.920222427651389,0.997988353511047,0.183211327679482,0.181173022302448,0.0363954393170359
"BLiMMP_sample_0073","BLI20_MA_067","2021-09-10",10.8,"unfiltered-unamended",0,0.834028,1.863194,0.455057127085852,0.369381795946731,0.383371571132804,0.001,0,0,-0.00263483514883179,-0.00117944040690872,-0.00113411822205655,0,0,0.888585912527402,0.81638948947124,0.955159714799491,1.03,0.86,0.814,1.15914509275797,1.05341875549746,0.852213496222333,0.114674701296401,0.189715970202898,0.166663431560043
"BLiMMP_sample_0073","BLI20_MA_068","2021-09-10",10.8,"unfiltered-molybdate",0,0.820139,1.8625,0.341430700957419,0.316997475523701,0.301620983717925,0,0.001,-0.007,0.0035711654064783,-0.0110077660011414,-0.0115159961445431,0.00357640534783799,-0.0108964445563859,0.793761992284144,0.705072257880725,0.725630606200919,0.86,0.821,0.759,1.08344819777179,1.16441966170634,1.04598675071575,-0.0878803320889596,0.191088446900304,0.0226150809115572
"BLiMMP_sample_0073","BLI20_MA_069","2021-09-10",10.8,"unfiltered-unamended",0,0.81875,1.855556,0.378036816304974,0.278779557231602,0.283011206654159,0,0.001,0.002,0.00323083359377412,0.00285116159782034,0.00283809706330896,0.00323511431769579,0.00285873032544946,0.827570003930383,0.691748206359632,0.763624811824566,0.92,0.787,0.795,1.11168843195215,1.1376972036424,1.04108717748506,-0.0282458054119813,0.180696855176058,0.037549782645504
"BLiMMP_sample_0073","BLI20_MA_070","2021-09-10",10.8,"unfiltered-molybdate",0,0.829167,1.861111,0.41742160997753,0.349766026799737,0.343486244852687,0.002,0.001,0,-0.00288923629512771,-0.00257444009639635,-0.00256429305955229,0.00289270264539589,0,0.882664565431442,0.786920594036829,0.849298882357703,0.898,0.785,0.825,1.01737402312175,0.997559354715859,0.971389480355551,0.0237207329567878,0.112619136159639,0.0248886137473558
"BLiMMP_sample_0073","BLI20_MA_071","2021-09-10",10.8,"filtered-unamended",0,0.811111,1.853472,0.38737597731716,0.198541447407122,0.207272816218494,0.001,-0.001,-0.001,-0.00636527277584177,-0.00278555207010724,-0.00265592365822166,-0.00317853550157248,-0.00139098141715437,0.952372244835435,0.598865537528763,0.700263793767511,0.921,0.742,0.814,0.967058841744326,1.23900934934724,1.16241908727077,-0.305516857856566,0.0929601188400948,-0.0918042224732209
"BLiMMP_sample_0073","BLI20_MA_072","2021-09-10",10.8,"filtered-unamended",0,0.805556,1.854167,0.26747191560615,0.230878690606998,0.213290412629511,0,0.002,0,0.00928231005212671,0,-0.000350418434645693,0.00931718789308595,0,0.628944138651389,0.618084293870402,0.667529282097823,0.921,0.754,0.74,1.46435898420939,1.21989833341097,1.10856560130879,0.226737894411866,0.368102056642054,0.147229325021006
"BLiMMP_sample_0074","BLI20_MA_073","2021-09-10",11.9,"unfiltered-unamended",0,0.829861,1.8375,0.746827584637906,0.734864394430411,0.698478700374816,0.002,0.004,0.002,0.00322703956476935,0,-9.37106041911323e-05,0.00647142508073288,0.00145936681453584,0.753624402950892,0.740937341638848,0.693995081734534,0.689,0.556,0.447,0.914248526589839,0.750400835204508,0.644096783629637,0.237985559893856,0.389411619488058,0.189238491899649
"BLiMMP_sample_0074","BLI20_MA_074","2021-09-10",11.9,"unfiltered-molybdate",0,0.823611,1.835417,0.779029189524358,0.75826754504925,0.844024946408817,-0.001,0.002,0.001,0.00467568651409777,0.00139875455934086,0.0012985891980944,0.0031211324976716,0.000699826541629503,0.787789198526341,0.74517879544602,0.843109308189648,0.797,0.689,0.636,1.01169196212755,0.924610313941643,0.75435058517577,0.109283450245893,0.252902122473114,0.161469091878986
"BLiMMP_sample_0074","BLI20_MA_075","2021-09-10",11.9,"unfiltered-unamended",0,0.815972,1.835417,0.865246234841086,0.760516816700857,0.792512677263017,0.013,0.016,0.031,0.00424919126824288,0.0113343870004386,0.011566231952557,0.0228745072852489,0.0198786033820271,0.8181206497117,0.74707156727097,0.800730565134616,0.77,0.608,0.51,0.941181475215596,0.81384438471003,0.636918362063849,0.178151701794295,0.333834354182055,0.213887497860236
"BLiMMP_sample_0074","BLI20_MA_076","2021-09-10",11.9,"unfiltered-molybdate",0,0.834722,1.838194,0.657632048704869,0.690846074330708,0.647999650830915,0.002,0.002,-0.002,0,-0.00330891550533095,-0.0034006175584234,0.00364893725568716,-0.00165194706144436,0.648062909925491,0.704799301793121,0.626770868246,0.654,0.601,0.586,1.00916128663372,0.852725021819632,0.934950920166255,0.201789010041324,0.295700598524404,0.0371113530948824
"BLiMMP_sample_0074","BLI20_MA_077","2021-09-10",11.9,"unfiltered-unamended",0,0.804861,1.829861,0.797599623142126,0.780845542722976,0.856436161844165,0.003,0.015,0.033,0.0186928457396932,0.0205550346650582,0.0206204115181008,0.0235885673768217,0.0230915997323853,0.806893852306925,0.777783629280666,0.838955860383495,0.783,0.583,0.563,0.970387861750821,0.74956578931751,0.671072253721009,0.320802918456682,0.297517801030306,0.197369294007309
"BLiMMP_sample_0074","BLI20_MA_078","2021-09-10",11.9,"unfiltered-molybdate",0,0.809722,1.829167,0.800718420301391,0.728324252629797,0.70723774721467,-0.001,0.005,0.011,0.00925412777795289,0.00819309647792637,0.00815735163962537,0.00773595152241313,0.00756240306902585,0.81411894235566,0.741212499225651,0.710966699418812,0.767,0.68,0.641,0.94212277849804,0.917415721821205,0.901589343810327,0.0328197638293142,0.210536351940934,0.0237460775620549
"BLiMMP_sample_0074","BLI20_MA_079","2021-09-10",11.9,"unfiltered-unamended",0,0.788889,1.821528,0.719271615990864,0.735519220350218,0.700550099088178,0.003,0.015,0.024,0.0211481519985285,0.0160284128728422,0.0158317778700285,0.0267147286590966,0.0186307714749642,0.739245883176893,0.758426617487656,0.748091895387327,0.776,0.601,0.457,1.04971839229616,0.792429994072276,0.610887516383781,0.35641648327304,0.456536390586757,0.294929217895643
"BLiMMP_sample_0074","BLI20_MA_080","2021-09-10",11.9,"unfiltered-molybdate",0,0.798611,1.827778,0.85458349699697,0.815120677592004,0.826330324403225,0.001,0.005,0.01,0.00586097949075393,0.00576188468030778,0.00575826285777616,0.00734774047793902,0.00643984627938371,0.798634963355555,0.810501402035432,0.822220719187913,0.827,0.702,0.726,1.03551689813988,0.866130519005951,0.882974587063499,0.223663820722005,0.194282885940962,0.0821995232893271
"BLiMMP_sample_0074","BLI20_MA_081","2021-09-10",11.9,"filtered-unamended",0,0.789583,1.829167,0.759105893647702,0.613252453654192,0.808481078612032,0.007,-0.003,0,-0.0166839871806579,-0.00504129740753349,-0.00458620555107991,-0.00499533182286369,0,0.735392484453321,0.623633767450633,0.852297896329707,0.719,0.617,0.488,0.977709203180793,0.989362719280338,0.572569757712061,-0.0150063139588614,0.37989799821828,0.304546208276495
"BLiMMP_sample_0074","BLI20_MA_082","2021-09-10",11.9,"filtered-unamended",0,0.779167,1.819444,0.828850186712477,0.727447540862585,0.719960599287833,-0.002,0.004,-0.001,0.00929061920774417,0.000663109526522059,0.000312034798929877,0.00620873979075091,-0.000662709830254662,0.83574767703722,0.707278432884092,0.745910718130871,0.802,0.629,0.543,0.959619777638081,0.88932444530382,0.727969161457646,0.0976363433844459,0.312968039199432,0.154053733034405
"BLiMMP_sample_0077","BLI20_MA_083","2021-09-10",19.9,"unfiltered-unamended",0,0.813889,1.810417,0.62795776194587,0.62364520691891,0.591092465158164,-0.001,0.058,0.135,0.115440021723302,0.11962717759002,0.119753348291564,0.119071089454127,0.133698154266202,0.710036687419038,0.721800307188642,0.673890261175813,0.672,0.491,0.446,0.946429968911465,0.680243545354543,0.661828825396309,0.405763057864873,0.415582722855372,0.191299942160408
"BLiMMP_sample_0077","BLI20_MA_084","2021-09-10",19.9,"unfiltered-molybdate",0,0.809028,1.803472,1.10847674226453,0.783305255353692,0.943399322243614,-0.002,0.019,0.038,0.02341688681911,0.0200089363178526,0.0199045204519461,0.0213703859147039,0.0193419503178562,1.1923853498709,0.87656654337732,1.08860586571769,0.858,0.71,0.705,0.719566036342948,0.809978438447403,0.647617307789545,-0.146298181417615,0.0113395163236535,0.0646863522305154
"BLiMMP_sample_0077","BLI20_MA_085","2021-09-10",19.9,"unfiltered-unamended",0,0.802778,1.808333,0.93077990868613,0.727153370554403,0.706815057961348,-0.002,0.097,0.227,0.132492938469766,0.13605361145177,0.136171285764859,0.137090674041978,0.154593854465758,0.987317048414927,0.833847447144367,0.816543255262221,0.73,0.605,0.508,0.739377488894745,0.725552380200853,0.622134830857017,0.0235125183583264,0.207554224450291,0.0978539078086711
"BLiMMP_sample_0077","BLI20_MA_086","2021-09-10",19.9,"unfiltered-molybdate",0,0.795139,1.813194,0.878312941426414,0.769439044188071,0.774276436306246,-0.006,0.015,0.047,0.0300695519935143,0.0332799231273984,0.033394732456103,0.0216637715775638,0.0303313640640668,0.950028194211146,0.898739588847561,0.910087839249367,0.775,0.716,0.728,0.815765263307285,0.796671259266675,0.799922786135071,0.0297866474334336,0.0627762930318556,0.0101375338375235
"BLiMMP_sample_0077","BLI20_MA_087","2021-09-10",19.9,"unfiltered-unamended",0,0.789583,1.793056,0.717071941197028,0.699976182340404,0.672580291331448,-0.006,0.088,0.202,0.166022647582667,0.161773265630839,0.161625157127125,0.165822399774823,0.184528307766912,0.765479169346878,0.758292338520957,0.82222049461003,0.706,0.563,0.475,0.9222981215836,0.742457719008643,0.577703916545266,0.274705241393154,0.370068592135251,0.260418092096335
"BLiMMP_sample_0077","BLI20_MA_088","2021-09-10",19.9,"unfiltered-molybdate",0,0.777778,1.794444,0.956002094808678,0.925979147678609,0.885205618742267,0,0.019,0.05,0.0255528356910875,0.0291461536981322,0.0292835694427768,0.0258101751150133,0.0299360058493338,0.998548206077377,1.04790375893111,0.936835771646737,0.781,0.757,0.679,0.782135499564936,0.72239458399516,0.72478018084907,0.102158319982928,0.0788026102110213,0.0401582093675208
"BLiMMP_sample_0077","BLI20_MA_089","2021-09-10",19.9,"unfiltered-unamended",0,0.760417,1.790972,0.912758867265732,0.742747341704107,0.641546432293646,0.003,0.056,0.183,0.076360364258049,0.110110224529519,0.111540301975018,0.083263820759162,0.124936389076622,0.947225804994768,0.84080986891625,0.782113650798459,0.778,0.483,0.443,0.821345866949114,0.574446159418367,0.566413844775298,0.470186648040986,0.344714783875951,0.196364925534946
"BLiMMP_sample_0077","BLI20_MA_090","2021-09-10",19.9,"unfiltered-molybdate",0,0.765972,1.791667,0.949190591856098,0.858557305811846,0.617186708462978,0,0.01,0.027,0.0137541476039959,0.0158764370058863,0.0159635114270551,0.0138271125077582,0.0161066174593507,1.02193677311219,0.963181033423243,0.761680792106508,0.698,0.632,0.646,0.683016815095441,0.656159099970862,0.848124314929118,0.0523729180077755,0.0310995151171355,-0.127948242985089
"BLiMMP_sample_0077","BLI20_MA_091","2021-09-10",19.9,"filtered-unamended",0,0.772222,1.793056,0.650197523662924,0.630955191726672,0.644323119095457,0.01,0.003,-0.001,-0.0139415338879383,-0.0094352523610231,-0.00925700239707048,0.00598876978341564,-0.000857091282759923,0.632489726259312,0.639837493982128,0.710135141176459,0.541,0.456,0.353,0.855349861885657,0.712680960851502,0.497088482926216,0.236300856993684,0.493594468602123,0.305317481871903
"BLiMMP_sample_0077","BLI20_MA_092","2021-09-10",19.9,"filtered-unamended",0,0.783333,1.793056,0.571499080035618,0.510456631649214,0.597353740744781,-0.002,-0.001,0.001,0.00223376787909046,0.00292760085691396,0.00295298006042853,-0.00223181585009252,0.000976721727800757,0.569989008123935,0.550547591087283,0.647464831137023,0.573,0.386,0.305,1.00528254375637,0.701120132480617,0.471068057031584,0.460014672795015,0.665183988921653,0.421390921683881
"BLiMMP_sample_0081","BLI20_MA_093","2021-10-14",14.2,"unfiltered-unamended",0,1.056944,1.957639,0.690602369936015,0.456279196249419,0.401010178772552,-0.001,0.008,0,0.0123299827026763,0.000739672252459754,0.00107193876995575,0.0110239598920986,0,0.908612792282643,0.746461703475325,0.669504520193802,0.963,0.857,0.779,1.05985740920588,1.14808301083637,1.16354703591023,-0.0756513352796488,0.157270371385987,-0.0484811381195459
"BLiMMP_sample_0081","BLI20_MA_094","2021-10-14",14.2,"unfiltered-molybdate",0,1.043056,1.955556,0.666104560262681,0.448592646983287,0.433923035137671,0.002,0.002,0.002,0,0,-5.88616229923661e-19,0.00288292119942536,0.00153769478071087,0.910993483995218,0.718057997952485,0.73477027763802,0.898,0.828,0.807,0.985737017636796,1.15311019772917,1.09830245528462,-0.150354811107053,0.102306420457835,-0.0575478175417167
"BLiMMP_sample_0081","BLI20_MA_095","2021-10-14",14.2,"unfiltered-unamended",0,1.052083,1.952778,0.679664669439399,0.545262413352951,0.596392054313712,0.001,0.005,0.005,0.00559390766294196,0.0030137860810348,0.00308548546893715,0.00701823139892583,0.00378115789141217,0.912991032375426,0.77859115241591,0.874206834345715,0.9,0.789,0.836,0.98577090911657,1.01336882335715,0.956295429359906,-0.0262446444407811,0.0843902229678919,0.0143842778189824
"BLiMMP_sample_0081","BLI20_MA_096","2021-10-14",14.2,"unfiltered-molybdate",0,1.033333,1.951389,0.627415433799674,0.439211594735293,0.444970978587649,0.002,0.003,0,0.00154242658934619,-0.0016335444084689,-0.00156738743557366,0.00463837787682179,0,0.876954825847811,0.694042061788301,0.700645111684411,0.891,0.833,0.834,1.01601584681242,1.20021544206363,1.19033157598858,-0.161237596632954,0.101164259363131,-0.0828121105326141
"BLiMMP_sample_0081","BLI20_MA_097","2021-10-14",14.2,"unfiltered-unamended",0,1.043056,1.94375,0.704421543389091,0.508743910419492,0.505055722368566,0.001,0.001,0.002,0,0.000730343156316609,0.000711241072769216,0.00136197203527087,0.0014627638428039,0.937406517230696,0.762121526270259,0.795367174400153,0.944,0.838,0.799,1.00703374965728,1.09956217101108,1.00456748243676,-0.0842744262920852,0.11905001231773,-0.000975685033558684
"BLiMMP_sample_0081","BLI20_MA_098","2021-10-14",14.2,"unfiltered-molybdate",0,1.034722,1.95,0.618728644420446,0.493504444405555,0.492918306521799,-0.003,0.003,0.002,0.00937189350414171,0.00414414717538142,0.00425728276166279,0.00469734387044001,0.00166034379471606,0.842611553646737,0.721511875869422,0.724746565056565,0.907,0.851,0.799,1.07641533761862,1.1794677654814,1.10245434545473,-0.0883589038978238,0.152836267682221,-0.0139046410923894
"BLiMMP_sample_0081","BLI20_MA_099","2021-10-14",14.2,"unfiltered-unamended",0,1.061806,1.954167,0.691820142466042,0.553017566122859,0.525118557241921,0,0.002,0.002,0.00272264876059238,0.00147936424568092,0.00151831741408413,0.00272659184827064,0.00148150674125848,0.953670605592286,0.784940593100811,0.748104582127459,0.888,0.806,0.8,0.931139111127892,1.02682930031176,1.06936920199708,-0.0921282200739107,0.077678601489488,-0.0714982267746149
"BLiMMP_sample_0081","BLI20_MA_100","2021-10-14",14.2,"unfiltered-molybdate",0,1.067361,1.955556,0.67462926267071,0.608077792273134,0.510417449971673,0,0.002,0.002,0.00277749630771589,0.0015159838104866,0.00155792234477219,0.0027816215334119,0.0015182353977713,0.896385457426898,0.852131118275808,0.708585926084011,0.874,0.834,0.792,0.975026973896747,0.978722619222622,1.11771906672911,-0.00354438237104159,0.106314390554841,-0.067638088726609
"BLiMMP_sample_0081","BLI20_MA_101","2021-10-14",14.2,"filtered-unamended",0,1.075694,1.954167,0.662410374848785,0.444897359479092,0.4766999658178,0.001,-0.001,0.001,-0.00280681716365547,0,-0.000103602303188913,-0.00140235032715201,0.000773106312244589,0.936449472109577,0.680050907343779,0.690896210654914,0.893,0.833,0.827,0.953601904423421,1.22490829878255,1.1969959991763,-0.232756684189663,0.0728912106149162,-0.120625361399305
"BLiMMP_sample_0081","BLI20_MA_102","2021-10-14",14.2,"filtered-unamended",0,1.077778,1.960417,0.65193511135741,0.438909541671899,0.475815305056392,0.001,0.001,0,0,-0.000782433017203907,-0.00075398182985716,0.00142429388017851,0,0.916593654369691,0.67916985629624,0.77106361297683,0.876,0.784,0.748,0.955712485924195,1.1543504069445,0.970088572993622,-0.175208554667854,0.125001029322983,-0.013709940963157
"BLiMMP_sample_0082","BLI20_MA_103","2021-10-14",15.2,"unfiltered-unamended",0,1.029167,1.94375,0.920335545876369,0.621968644648925,0.645253928079949,-0.004,0.058,0.095,0.0654575341980551,0.0553412025781804,0.0555514632442106,0.063249082071698,0.0560505730707214,0.961165510030977,0.706921630582336,0.762661764313482,0.785,0.485,0.434,0.816716779584299,0.68607322087524,0.569059601920217,0.169368059551643,0.325272201488836,0.185538296627662
"BLiMMP_sample_0082","BLI20_MA_104","2021-10-14",15.2,"unfiltered-molybdate",0,1.040278,1.936806,1.03415491168313,0.573264477548669,0.626944506067728,-0.003,0.016,0.022,0.0176611340931868,0.0124815433055302,0.0126189451270318,0.0149887853170215,0.0111022729193332,1.04401953278075,0.741704417742723,0.798644770215581,0.798,0.709,0.7,0.764353515373915,0.955906400231167,0.876484797879596,-0.214971000007564,0.0454098467068318,-0.0745054307834869
"BLiMMP_sample_0082","BLI20_MA_105","2021-10-14",15.2,"unfiltered-unamended",0,1.036806,1.946528,0.918144696321288,0.601281962831874,0.668085140778597,0,0.064,0.093,0.0672312742061373,0.0520368696939569,0.0523886267969304,0.069689398399301,0.0548649898837778,0.954366932894861,0.680299987733427,0.784232239841943,0.734,0.511,0.438,0.76909621938972,0.751139216836549,0.558508025745379,0.0227863983772812,0.289231479868493,0.161090415165149
"BLiMMP_sample_0082","BLI20_MA_106","2021-10-14",15.2,"unfiltered-molybdate",0,1.044444,1.947222,0.961188559441245,0.65783599377968,0.609914553764296,0.001,0.028,0.03,0.0268949048304032,0.0154943705260315,0.0157904363241231,0.0283053192334802,0.0162841269985875,1.00325981757456,0.79581592259732,0.738848181070848,0.85,0.709,0.689,0.847238158162185,0.890909543108942,0.932532579293082,-0.0481223175535287,0.10617205566848,-0.0492315050310675
"BLiMMP_sample_0082","BLI20_MA_107","2021-10-14",15.2,"unfiltered-unamended",0,1.048611,1.939583,0.909016732906534,0.765842884058139,0.729497042409289,-0.004,0.128,0.257,0.138480187969536,0.148033586339087,0.147754349465021,0.144731389866704,0.171322019465848,0.959702206867851,0.828438163763139,0.794292685115243,0.702,0.538,0.496,0.731476904998577,0.649414794649443,0.624454951298004,0.113477739991073,0.2002954867736,0.0824899561256689
"BLiMMP_sample_0082","BLI20_MA_108","2021-10-14",15.2,"unfiltered-molybdate",0,1.05625,1.94375,0.843737200212036,0.669681275776592,0.705196191585196,0.001,0.026,0.042,0.0280521459138063,0.0249997837989407,0.0250955439321182,0.0296331911033505,0.026268912318306,0.883083096461242,0.759157604890059,0.812135912195572,0.781,0.653,0.706,0.88440148286122,0.860163944606163,0.869312622922143,0.0263082805450423,0.115907852437187,0.00940076281242292
"BLiMMP_sample_0082","BLI20_MA_109","2021-10-14",15.2,"unfiltered-unamended",0,1.015278,1.940278,0.792604822821512,0.565691057958627,0.629378277955713,0,0.045,0.083,0.055920471891846,0.0539706218902309,0.0540022472622617,0.0575706741567378,0.0570106644725938,0.852422334267754,0.69440005792758,0.750115513664751,0.781,0.508,0.507,0.916212502422162,0.731566759248428,0.675895899716845,0.221673125507629,0.304975536351687,0.157838850812917
"BLiMMP_sample_0082","BLI20_MA_110","2021-10-14",15.2,"unfiltered-molybdate",0,1.020139,1.938889,0.946520449342333,0.793472340200511,0.704371563833505,-0.001,0.031,0.039,0.033140619777625,0.0217960122519434,0.022003908588598,0.0326424879065182,0.0217013331046782,0.989801976374348,0.915976519711139,0.8773600888604,0.802,0.726,0.709,0.810263082053778,0.792596736244888,0.808106054745342,0.021609236219066,0.0688556493226918,0.00174565668564566
"BLiMMP_sample_0082","BLI20_MA_111","2021-10-14",15.2,"filtered-unamended",0,1.009028,1.938194,0.965455020259202,0.686487269348063,0.62364665519507,-0.001,0.001,-0.002,0.00205302733891493,-0.000534405242646157,-0.000497424044126548,0.0010270456585341,-0.00106770495817722,0.999050528972507,0.749205681961743,0.775321353912486,0.79,0.515,0.409,0.790750794969791,0.687394679991626,0.52752319787927,0.138820966767648,0.340145368048241,0.207848190687418
"BLiMMP_sample_0082","BLI20_MA_112","2021-10-14",15.2,"filtered-unamended",0,1.032639,1.936111,0.788915730763827,0.557077268865784,0.625628636650489,0.005,-0.001,0,-0.00736498914974311,-0.00327347581078839,-0.00337039024283488,-0.00122672088307117,0,0.844776634705548,0.621985500251152,0.746571186796413,0.678,0.523,0.406,0.802579015737481,0.84085561446178,0.543819540829286,-0.0451170737669643,0.351982480618903,0.195197800196769
"BLiMMP_sample_0085","BLI20_MA_113","2021-10-14",19.9,"unfiltered-unamended",0,1.017361,1.942361,0.871622270574864,0.747943073654045,0.722063144010266,0.008,0.043,0.061,0.0394697741144591,0.0313052806754488,0.0314407417746543,0.0497284125100185,0.037353492019506,0.889158625817157,0.826613408644475,0.801687128326612,0.739,0.635,0.537,0.831122792427326,0.768194652251416,0.669837372992251,0.0773908122161283,0.224870378927648,0.110513518965272
"BLiMMP_sample_0085","BLI20_MA_114","2021-10-14",19.9,"unfiltered-molybdate",0,1.016667,1.929861,0.97583400404966,0.661424206382382,0.686829341206194,0.003,0.002,0.007,-0.00100796470588367,0.00212401712586893,0.0020650967215674,0.00201799809159893,0.00373042585160689,1.05152562855778,0.849105361019323,0.877697274128924,0.745,0.66,0.6,0.708494381655544,0.777288697374013,0.683606999458297,-0.0911505006710701,0.0861266557376933,0.0164659313229726
"BLiMMP_sample_0085","BLI20_MA_115","2021-10-14",19.9,"unfiltered-unamended",0,1.017361,1.938194,0.876798981226997,0.626748572974164,0.690463100976961,0.002,0.016,0.032,0.0156946962162654,0.017653221619061,0.0176191170210449,0.0181024713777265,0.0191823146981129,0.887328352797436,0.668516671159194,0.827423863842709,0.739,0.631,0.528,0.832837131452175,0.943880724628541,0.638125177521314,-0.123025852719733,0.235137359252163,0.132862959456858
"BLiMMP_sample_0085","BLI20_MA_116","2021-10-14",19.9,"unfiltered-molybdate",0,1.021528,1.948611,0.911098535063269,0.782539314372085,0.827342952542017,-0.002,0.014,0.033,0.0171911274158764,0.0197141268267817,0.0196714231865473,0.0151590042043766,0.0189325826344068,1.02743750857134,0.86636619705137,0.983671650715209,0.729,0.679,0.719,0.70953220406921,0.783733255418944,0.730934961353444,-0.0973667306657835,-0.00680252361421727,-0.0166410372146871
"BLiMMP_sample_0085","BLI20_MA_117","2021-10-14",19.9,"unfiltered-unamended",0,1.020139,1.936806,0.696809549364146,0.541453328331605,0.652713122729881,-0.001,0.022,0.037,0.0323559675531401,0.0281568055093378,0.0282355043518986,0.0314482909406717,0.0281705541152101,0.713035172603929,0.578317074748159,0.76841703820898,0.657,0.562,0.461,0.921413171808489,0.971785244702891,0.599934641057016,-0.0521755276062152,0.357552849811605,0.216414110734108
"BLiMMP_sample_0085","BLI20_MA_118","2021-10-14",19.9,"unfiltered-molybdate",0,1.018056,1.930556,0.934139294006813,0.711851893730788,0.747981874467755,0.003,0.002,0.004,-0.00105151795159437,0.000554505624145766,0.000523665374820659,0.00210529043042036,0.00222278490119381,1.05273574412531,0.886121689717901,0.908874195481241,0.749,0.672,0.634,0.711479594171397,0.758360852462524,0.697566289319395,-0.062680828867515,0.0597225787127182,0.00882970099986955
"BLiMMP_sample_0085","BLI20_MA_119","2021-10-14",19.9,"unfiltered-unamended",0,1.011806,1.933333,0.863892547534879,0.622617868569935,0.580189263115964,-0.004,0.027,0.03,0.035465388029602,0.0203569413566991,0.020602912223357,0.0313822122393822,0.0182813000238003,0.848758193841058,0.727218519392481,0.713297507024386,0.676,0.574,0.476,0.796457701269145,0.789308831793118,0.667323235133256,0.00891115108759905,0.266253236228468,0.090155176861247
"BLiMMP_sample_0085","BLI20_MA_120","2021-10-14",19.9,"unfiltered-molybdate",0,1.011111,1.93125,0.931760838040159,0.659251842230839,0.612568565468442,0,0.004,0.011,0.00424577233691765,0.0061129344008912,0.00608225836482044,0.00425491194157192,0.00614930437375655,0.899672702548395,0.833852129496411,0.747355922580634,0.731,0.7,0.675,0.812517705527114,0.839477378828248,0.903184118310339,-0.0322831269409942,0.0960129524980815,-0.0544077700632867
"BLiMMP_sample_0085","BLI20_MA_121","2021-10-14",19.9,"filtered-unamended",0,1.016667,1.940972,0.926491687628753,0.73510661150943,0.76077923145011,0.004,0.01,0.012,0.00636987626343822,0.00444865973757543,0.00448055975287404,0.0106741699479781,0.00671658098252798,0.912850135556867,0.831623713699886,0.907415993792877,0.688,0.617,0.548,0.753683406729516,0.741922085476583,0.603912652794926,0.015470319484998,0.164194593177771,0.112501822422136
"BLiMMP_sample_0085","BLI20_MA_122","2021-10-14",19.9,"filtered-unamended",0,1.015972,1.929167,0.88335642272031,0.791470745041313,0.740425370364802,0,0.002,0.001,0.00222849818938237,0.000586805538987341,0.000617483602054488,0.00223102476590015,0.000587137935266338,0.898311942631748,0.854846072352345,0.862082936060613,0.744,0.621,0.536,0.828220092254739,0.726446573347581,0.621749924026236,0.129052759763393,0.225560964859233,0.148268679696288
