"sampleDate","mean_chlor_rfu","sd_chlor_rfu","mean_phyco_rfu","sd_phyco_rfu","mean_turb","sd_turb"
2020-04-01,2.88,0.936181800526139,1.19083333333333,0.144879782975926,1.45,0.0972344869608795
2020-04-02,3.33125,0.865891410502846,1.20875,0.119648488789308,1.50583333333333,0.0300603258200206
2020-04-03,3.14541666666667,0.920996526295987,1.15333333333333,0.154037450744564,1.4225,0.0831054856139499
2020-04-04,2.53875,0.619279472627175,0.994166666666667,0.0784588879697468,1.44875,0.0462801018374739
2020-04-05,2.55708333333333,1.10257595288672,1.04125,0.211728137827323,1.42208333333333,0.132073074854223
2020-04-06,3.725,0.817679643870385,1.3225,0.189260574915621,1.61208333333333,0.0635185126500563
2020-04-07,3.45125,1.2418685518202,1.27541666666667,0.281872298663106,1.495,0.168497193887097
2020-04-08,3.17625,0.900602757094912,1.18166666666667,0.196594189543635,1.45416666666667,0.168029931771142
2020-04-09,2.71666666666667,0.622440265453619,1.06833333333333,0.10179547554081,1.48625,0.0520712304778586
2020-04-10,3.19375,1.01549222376232,1.20458333333333,0.217115059992075,1.58083333333333,0.0545269511874367
2020-04-11,3.82875,1.02481944327006,1.36916666666667,0.23555515677662,1.64083333333333,0.0398820725407409
2020-04-12,3.52875,0.888385504354853,1.2525,0.242150689699078,1.57791666666667,0.0688400266949565
2020-04-13,1.98875,0.458061249938971,0.8775,0.0704797226466437,1.55791666666667,0.075698438710375
2020-04-14,1.975,0.276358305544592,0.865,0.0290426972037648,1.53666666666667,0.0477918190804084
2020-04-15,1.97083333333333,0.271884193164578,0.875,0.0263752189358315,1.47333333333333,0.0168540194320077
2020-04-16,1.90791666666667,0.432163205550732,0.852083333333333,0.06520730598348,1.46041666666667,0.0142886901662352
2020-04-17,2.03166666666667,0.828107673458337,0.877083333333333,0.185155144503824,1.40708333333333,0.0979120797568862
2020-04-18,1.81625,0.565076466545439,0.794583333333333,0.0783514471810337,1.48,0.133742126952352
2020-04-19,1.98416666666667,0.708525208453794,0.802083333333333,0.110255796127506,1.53875,0.0846636567991762
2020-04-20,2.2125,0.509511701448596,0.807083333333333,0.0722001545624425,1.52583333333333,0.0204124145231932
2020-04-21,1.99208333333333,0.478048380002682,0.744166666666667,0.0553971170703869,1.47708333333333,0.0355673478331469
2020-04-22,2.19208333333333,0.640190047643236,0.751666666666667,0.0761957813887966,1.56916666666667,0.0441259725023185
2020-04-23,2.37041666666667,0.587326138319778,0.786666666666667,0.0781117742428267,1.49375,0.0560133912560202
2020-04-24,2.50428571428571,0.7299833657596,0.791904761904762,0.0941073348692357,1.48571428571429,0.113206511675408
2020-04-25,2.31375,0.82425625236647,0.734583333333333,0.103712779249763,1.44375,0.0385399284762767
2020-04-26,1.53208333333333,0.848512658646916,0.56125,0.142289126963988,1.25125,0.140133864572415
2020-04-27,2.26666666666667,0.50683730917427,0.69125,0.0782589069802226,1.38708333333333,0.0412288593169846
2020-04-28,1.97041666666667,0.662954383417708,0.643333333333333,0.0839599628532483,1.36875,0.0425606983434043
2020-04-29,1.89166666666667,0.171785170860398,0.580416666666667,0.0398343490259203,1.41166666666667,0.182558309128574
2020-04-30,1.50375,0.504206759694611,0.533333333333333,0.0610535521643422,1.57208333333333,0.225946880380374
2020-05-01,2.07909090909091,0.367538907443618,0.673636363636364,0.0656502605475158,1.62227272727273,0.0538013823668941
2020-05-02,2.25125,0.501695494862389,0.70125,0.0715245473216379,1.50833333333333,0.0249637418228338
2020-05-03,2.45833333333333,0.442076785251127,0.67875,0.0660903531735812,1.74875,0.1538862510456
2020-05-04,2.75125,0.566409841630292,0.789583333333333,0.0647724556774927,1.63708333333333,0.0546513985394595
2020-05-05,2.69125,0.684526573943468,0.697916666666667,0.138280721617348,1.52416666666667,0.0379835967647669
2020-05-06,2.75727272727273,1.22318546589742,0.740909090909091,0.228116701355314,1.47545454545455,0.155156672668606
2020-05-07,2.74791666666667,0.78662172095872,0.7875,0.113300293564223,1.54,0.0733069781363157
2020-05-08,2.24208333333333,0.613485970688722,0.646666666666667,0.07221144475513,1.55291666666667,0.0364129894007818
2020-05-09,2.72791666666667,0.798030070081086,0.760833333333333,0.125070994331973,1.62708333333333,0.0805135239337584
2020-05-10,2.16375,0.31924928926413,0.6,0.0577852094811692,1.51916666666667,0.0482670710208061
2020-05-11,1.73083333333333,0.302395029098013,0.550416666666667,0.029558956071857,1.48541666666667,0.0188769854508114
2020-05-12,1.0425,0.603664533963374,0.415416666666667,0.120035471810435,1.34333333333333,0.179774415809676
2020-05-13,1.14,0.622233005427612,0.46375,0.109695725413131,1.4725,0.049011977240706
2020-05-14,0.69375,0.144517563247366,0.3475,0.0273861278752583,1.355,0.12744990490726
2020-05-15,0.610833333333333,0.65141262330193,0.295,0.0640651841961525,1.18541666666667,0.21502232779243
2020-05-16,0.0608333333333333,0.0876215511839642,0.211666666666667,0.019034674690672,0.96625,0.0528996178173093
2020-05-17,0.06375,0.0186063336574918,0.25625,0.00575779245136915,1.195,0.0577852094811692
2020-05-18,-0.0266666666666667,0.0157884566161117,0.215833333333333,0.0186306588524229,0.940833333333333,0.0835576690553956
2020-05-19,-0.04125,0.00991814323436556,0.192916666666667,0.00624093545570846,0.809583333333333,0.0242234465408793
2020-05-20,-0.0504166666666667,0.0148848235130448,0.179583333333333,0.0112207752451178,0.769166666666667,0.0233901998553959
2020-05-21,-0.0558333333333333,0.00583592075121765,0.158333333333333,0.0127404411454121,0.668333333333333,0.0585822845062483
2020-05-22,-0.0234782608695652,0.035625411723576,0.18304347826087,0.0428989068104724,0.657826086956522,0.543724165712217
2020-05-23,-0.000416666666666667,0.00806450444131925,0.243333333333333,0.0244356593787719,0.502916666666667,0.0154579841946587
2020-05-24,-0.00166666666666667,0.00868114732282431,0.189583333333333,0.0496491312299023,0.424583333333333,0.0427306189646423
2020-05-25,-0.00708333333333333,0.00806450444131925,0.145,0.0179370881258576,0.39,0.0370663330190385
2020-05-26,0.000416666666666667,0.0069025305168635,0.134166666666667,0.024301845817652,0.334583333333333,0.0287385768106469
2020-05-27,0.025,0.0121583751774866,0.100833333333333,0.0300603258200206,0.290416666666667,0.0309949738796002
2020-05-28,0.0716666666666667,0.105322142131597,0.0804166666666667,0.0215646987431788,0.289166666666667,0.0533174795277159
2020-05-29,0.0654166666666667,0.0181728815323384,0.0795833333333333,0.00907896118682551,0.347083333333333,0.0314129807932778
2020-05-30,0.0716666666666667,0.0264848876788692,0.0891666666666667,0.00583592075121765,0.327916666666667,0.0260399637124349
2020-05-31,0.0883333333333333,0.0123944821757828,0.095,0.0147441956154897,0.327916666666667,0.0153167049091951
2020-06-01,0.145416666666667,0.0191059213827561,0.149166666666667,0.0328258470093927,0.36625,0.0282554342599329
2020-06-02,0.164583333333333,0.00931532942621143,0.130833333333333,0.0174247866100506,0.35875,0.0343020470931781
2020-06-03,0.20625,0.0501140004737026,0.0966666666666667,0.038069349381344,0.337916666666667,0.033359591107215
2020-06-04,0.165217391304348,0.0543448220513644,0.051304347826087,0.0121746188389419,0.355652173913043,0.0641607418170475
2020-06-05,0.224583333333333,0.0334896696163831,0.07125,0.0167624061778005,0.39375,0.0980156376166135
2020-06-06,0.315416666666667,0.0742486519664874,0.0825,0.0153933921453048,0.372916666666667,0.0391739894480427
2020-06-07,0.42125,0.096743160639059,0.163333333333333,0.0192617364937231,0.43625,0.0396520189737629
2020-06-08,0.520416666666667,0.0738081630142373,0.166666666666667,0.0140392823632607,0.4375,0.0328699677914155
2020-06-09,0.484583333333333,0.0434370275493022,0.16,0.00884651736929383,0.453333333333333,0.0292911422531241
2020-06-10,0.374347826086957,0.06316112778633,0.188695652173913,0.0249188405950355,0.547391304347826,0.0560208882556196
2020-06-11,0.265,0.0430368901414063,0.205833333333333,0.00974307632279887,0.57625,0.047622838875992
2020-06-12,0.21,0.0617146307788835,0.1875,0.034294124227362,0.647083333333333,0.0837428344328073
2020-06-13,0.160833333333333,0.0226344613494492,0.159583333333333,0.0119706767331373,0.559166666666667,0.0169183889321049
2020-06-14,0.158333333333333,0.0315769132322234,0.186666666666667,0.00916831342257085,0.59,0.0542938862760488
2020-06-15,0.162916666666667,0.0297056818846477,0.205833333333333,0.0197630895900648,0.6375,0.051435903549107
2020-06-16,0.167916666666667,0.0323001099293683,0.20375,0.0329442876225382,0.712916666666667,0.0576706666954826
2020-06-17,0.169166666666667,0.0463368260595756,0.200416666666667,0.047865678605926,0.760416666666667,0.158949791544009
2020-06-18,0.298695652173913,0.0873500974566812,0.316086956521739,0.0813376313687572,0.956521739130435,0.176393379994627
2020-06-19,0.305416666666667,0.0635185126500563,0.643333333333333,0.206727433796432,2.48875,0.878255744173594
2020-06-20,0.31375,0.0786191977882601,0.74,0.215245057510291,2.68,0.552693011732002
2020-06-21,0.27,0.0607203139133777,0.844166666666667,0.161108029289199,3.355,1.11563201039083
2020-06-22,0.307916666666667,0.0320297642373691,1.21291666666667,0.31338931430226,4.42666666666667,1.37782963125113
2020-06-23,0.242916666666667,0.0280495162581967,1.14708333333333,0.161796414392115,4.24958333333333,0.438857005201572
2020-06-24,0.231666666666667,0.0218028052974974,1.21625,0.0923515259637116,4.74083333333333,0.524528083275746
2020-06-25,0.200869565217391,0.0279468722397371,0.832173913043478,0.320027790295257,3.62739130434783,0.934574367833752
2020-06-26,0.22375,0.0233708290861474,0.723333333333333,0.0728707412308687,2.93958333333333,0.295053114844955
2020-06-27,0.23,0.0208514414057075,0.545416666666667,0.125281566938208,2.44708333333333,0.406035757331647
2020-06-28,0.262083333333333,0.033359591107215,0.587916666666667,0.0932028720711913,2.75916666666667,0.378163947269558
2020-06-29,0.341666666666667,0.0815430889917646,0.665833333333333,0.108102876391232,2.82416666666667,0.381734219703649
2020-06-30,0.322916666666667,0.05145527113461,0.53625,0.154323559023129,2.6275,0.526838396144562
2020-07-01,0.659166666666667,0.302351892116895,0.52375,0.0733551515632649,2.58166666666667,0.446207854340735
2020-07-02,1.66047619047619,0.562836354462611,0.578571428571429,0.133427347807176,3.25142857142857,0.732340670141197
2020-07-03,1.53875,0.640056468296896,0.409583333333333,0.118815866553788,3.02708333333333,0.871098652460696
2020-07-04,1.42291666666667,0.555748450811795,0.440833333333333,0.0845405313992961,3.545,0.384922352418386
2020-07-05,1.245,0.410535175636367,0.555,0.0835620050959296,3.65208333333333,0.27479603766947
2020-07-06,1.345,0.318556526961174,0.702916666666667,0.075092937586449,3.86791666666667,0.146167835832252
2020-07-07,1.25166666666667,0.290017490726915,0.619166666666667,0.10291054226922,3.55041666666667,0.286378878967777
2020-07-08,1.2175,0.288568430585251,0.765,0.0945469747521443,3.41208333333333,0.222378040178483
2020-07-09,1.28958333333333,0.227127222856087,0.895416666666667,0.063381465310669,3.44166666666667,0.0613377440127994
2020-07-10,1.17708333333333,0.13970400905102,0.957916666666667,0.0731870246676974,3.38375,0.0642557728754864
2020-07-11,1.26619047619048,0.288625643186398,1.14714285714286,0.135134853281559,3.27761904761905,0.0937499206348871
2020-07-12,1.43333333333333,0.259509012437395,1.39541666666667,0.122757419563833,3.45875,0.257889637669665
2020-07-13,1.20916666666667,0.373548398199084,1.21333333333333,0.292346825990409,3.50458333333333,0.284191900362913
2020-07-14,1.08375,0.0934745954791996,1.30208333333333,0.0768385753815534,3.245,0.0616441400296897
2020-07-15,1.15541666666667,0.0878723959558091,1.47958333333333,0.0896116824035148,3.55041666666667,0.157327660484809
2020-07-16,0.87695652173913,0.171555312644181,1.21391304347826,0.176705690869793,3.45260869565217,0.32620709249444
2020-07-17,0.95,0.161676004511438,1.39166666666667,0.181291661878495,4.50625,0.452882675084071
2020-07-18,0.86125,0.0715245473216379,1.52916666666667,0.0797777710494796,4.21541666666667,0.298925309366253
2020-07-19,0.900833333333333,0.109382323771363,1.5175,0.0610238727341871,4.64541666666667,0.24978215146084
2020-07-20,0.827916666666667,0.0894903039035717,1.37791666666667,0.192646988865231,4.72166666666667,0.376605740872296
2020-07-21,0.599583333333333,0.0543322441430794,1.41833333333333,0.0774409545994583,5.09166666666667,0.157581356949263
2020-07-22,0.577083333333333,0.0425777209211646,1.44833333333333,0.121821918020301,5.05375,0.361010809184193
2020-07-23,0.6225,0.058551352414485,1.37416666666667,0.173604164112217,5.22958333333333,0.33660038449262
2020-07-24,0.521818181818182,0.126627927546146,1.15636363636364,0.334899351682824,5.53545454545455,0.402831966300582
2020-07-25,0.53125,0.0683540972341501,1.13541666666667,0.134809984363392,5.89708333333333,0.244602235523694
2020-07-26,0.505833333333333,0.0232035729382664,1.3325,0.0815741860277316,6.16333333333333,0.142208257164614
2020-07-27,0.4925,0.0316571305244724,1.43,0.0538920015038128,5.82458333333333,0.116767296146119
2020-07-28,0.48625,0.0309013155763282,1.58958333333333,0.0697498116978394,5.72583333333333,0.105167223637102
2020-07-29,0.498636363636364,0.066281898307834,1.41227272727273,0.328168537103405,5.09909090909091,0.482364307008017
2020-07-30,0.52125,0.0367497411999169,1.55833333333333,0.128491808795488,5.90041666666667,0.332924840279848
2020-07-31,0.532916666666667,0.0445732583767312,1.66958333333333,0.124533186310933,5.82791666666667,0.677809638318239
2020-08-01,0.52625,0.068829499489681,1.625,0.270699576781282,5.94625,0.227344069830195
2020-08-02,0.527368421052632,0.0924266739555175,1.63473684210526,0.0888424586340357,5.98105263157895,0.11685198314497
2020-08-03,0.59,0.0463680924774785,1.888,0.0584807660688537,5.412,0.0396232255123178
2020-08-04,0.587083333333333,0.0764698955637853,1.96083333333333,0.164208686596121,5.54833333333333,0.356744539785358
2020-08-05,0.601739130434783,0.0865842823188137,2.03565217391304,0.180399205978814,5.70652173913043,0.457936167600724
2020-08-06,0.578333333333333,0.0945316448817959,2.0225,0.355090313068074,6.37416666666667,1.64951881433362
2020-08-07,0.581666666666667,0.043003201768227,1.84708333333333,0.239791198421835,5.5575,0.397024257281045
2020-08-08,0.62,0.105665592277261,1.77583333333333,0.148906643256092,5.55541666666667,0.661348945365631
2020-08-09,0.67,0.0856179582950253,1.86541666666667,0.0974447074729703,6.14875,0.308267423429441
2020-08-10,0.5475,0.0656240941966473,1.82083333333333,0.121437644284115,5.69625,0.159532264693575
2020-08-11,0.430833333333333,0.0615676839758077,1.59166666666667,0.244267612807484,5.52125,0.236465136689461
2020-08-12,0.40304347826087,0.0544755810690104,1.44521739130435,0.322432086791754,5.73869565217391,0.177848361043029
2020-08-13,0.33625,0.0389885713466417,1.42791666666667,0.246999017189854,4.87541666666667,0.562718395606207
2020-08-14,0.320416666666667,0.0398343490259203,1.315,0.32271942316346,4.82458333333333,0.390996265596163
2020-08-15,0.429583333333333,0.0677257363364832,1.50583333333333,0.129779634855352,5.17833333333333,0.125928436083725
2020-08-16,0.447916666666667,0.0419087172281632,1.4525,0.136357905017896,4.9625,0.142775287107733
2020-08-17,0.42125,0.0467474714498712,1.46333333333333,0.133796297689295,4.9075,0.24835546054518
2020-08-18,0.414347826086957,0.0520337379151539,1.39739130434783,0.125669747256426,4.74913043478261,0.176298121566806
2020-08-19,0.395,0.0658720762902052,1.26375,0.162181125262172,4.56208333333333,0.140216576786759
2020-08-20,0.45875,0.0568990333837052,1.32166666666667,0.108052590523507,4.80916666666667,0.161135014052264
2020-08-21,0.444583333333333,0.0654070310451784,1.30375,0.178394104503874,4.45791666666667,0.150592429126251
2020-08-22,0.485,0.0342624144432097,1.3975,0.0712771687331132,4.515,0.0834578779463289
2020-08-23,0.432916666666667,0.0822234054621742,1.20666666666667,0.229586900600919,4.07,0.373910010098919
2020-08-24,0.44,0.0824621125123532,0.927916666666667,0.153282324533825,4.03041666666667,0.205648056612276
2020-08-25,0.547647058823529,0.0848917996455419,1.08647058823529,0.140532077142133,4.41941176470588,0.233089858966325
2020-08-26,0.596,0.0114017542509914,1.28,0.02,4.458,0.0521536192416211
2020-08-27,0.645,0.0514147669533721,1.29625,0.0798265783351363,4.4075,0.0419368054598096
2020-08-28,0.680833333333333,0.0318852107828483,1.28791666666667,0.110649433353494,4.13666666666667,0.074755640570471
2020-08-29,0.69625,0.0768857141703077,1.37083333333333,0.0494242210175173,3.96083333333333,0.0537236622360945
2020-08-30,0.677916666666667,0.13403371304222,1.27875,0.220716471677048,3.67583333333333,0.123214788308754
2020-08-31,0.73375,0.0475314541165614,1.41583333333333,0.0488935548937171,3.58125,0.0753722645332457
2020-09-01,0.778260869565217,0.0948516628460673,1.39695652173913,0.121559367561275,3.46,0.076455572363658
2020-09-02,0.710833333333333,0.0737160631817414,1.37041666666667,0.108846887541795,3.38875,0.0745019696267211
2020-09-03,0.702083333333333,0.0450100632870189,1.40416666666667,0.0894386681604709,3.31666666666667,0.0603372166257686
2020-09-04,0.769166666666667,0.0506408210204296,1.46416666666667,0.097531117293814,3.39,0.0759862687824469
2020-09-05,0.964583333333333,0.0625528761835983,1.52541666666667,0.121296588240727,3.59583333333333,0.111625019272277
2020-09-06,0.875,0.0763288081691424,1.42125,0.094515354170172,3.31625,0.0962701136522062
2020-09-07,0.880833333333333,0.0910287420766539,1.56041666666667,0.0864507483140428,3.50125,0.12992681886689
2020-09-08,0.76125,0.038708778916641,1.64916666666667,0.0505548919635802,3.40583333333333,0.0501230370247027
2020-09-09,0.672083333333333,0.042628747869572,1.62333333333333,0.043705204810597,3.34041666666667,0.0392848202420385
2020-09-10,0.676666666666667,0.0562344986692307,1.59583333333333,0.0383254560274257,3.34166666666667,0.0723918483680652
2020-09-11,0.654782608695652,0.0532463882870251,1.54913043478261,0.0430552545075681,3.10478260869565,0.0777448954896947
2020-09-12,0.695,0.0546132648323846,1.50125,0.051694125475683,3.135,0.102023015306223
2020-09-13,0.759583333333333,0.183219496937337,1.37375,0.111269844346389,3.06416666666667,0.1274470620422
2020-09-14,1.0375,0.276267828462668,1.49916666666667,0.133869393412959,3.68416666666667,0.397217678430821
2020-09-15,0.7575,0.146888008212113,1.29583333333333,0.214616273678247,2.93041666666667,0.313375440433143
2020-09-16,1.56166666666667,0.343911852541957,1.86458333333333,0.171995428823652,4.27125,0.538874128240498
2020-09-17,1.3104347826087,0.199054087233266,1.65,0.166487782789554,4.15347826086956,0.361381298198658
2020-09-18,1.14708333333333,0.300730692273606,1.52041666666667,0.155939764476312,3.73875,0.200224059276211
2020-09-19,1.09458333333333,0.11609513215525,1.44583333333333,0.1274470620422,3.615,0.150332963783729
2020-09-20,0.86375,0.108540214947592,1.36958333333333,0.123622115886406,3.29541666666667,0.134163403506991
2020-09-21,0.922083333333333,0.101209174986506,1.44833333333333,0.135828109617703,3.34583333333333,0.190192503547845
2020-09-22,1.03,0.188748740277973,1.58416666666667,0.20095244227919,3.78958333333333,0.182196243140447
2020-09-23,0.997916666666667,0.164369127712377,1.51,0.21944594263538,4.5025,0.351459689073268
2020-09-24,1.01208333333333,0.079944500676443,1.57875,0.11666796065535,4.05166666666667,0.405566342256128
2020-09-25,0.782916666666667,0.0811053617841936,1.30833333333333,0.173246912681361,3.13458333333333,0.194823870661965
2020-09-26,0.86875,0.0740336292563695,1.4,0.0573319851543545,3.43333333333333,0.255898530615192
2020-09-27,1.14541666666667,0.326802415597834,1.55958333333333,0.128485464130203,3.89875,0.43266929333072
2020-09-28,0.830833333333333,0.0768350388065614,1.41958333333333,0.0541719618370551,3.49875,0.117262711371778
2020-09-29,0.838333333333333,0.0705054217259469,1.51041666666667,0.125472296151179,3.52833333333333,0.276242909280105
2020-09-30,0.80625,0.0635071033342967,1.36416666666667,0.0814497266478807,3.30333333333333,0.112081750702689
2020-10-01,0.862083333333333,0.0489879458701802,1.48208333333333,0.0638598442696577,3.50541666666667,0.191628698192662
2020-10-02,0.862272727272727,0.203865777930616,1.52590909090909,0.20509368569856,3.54454545454545,0.111642596100544
2020-10-03,0.680833333333333,0.042109243709631,1.48625,0.0799354359032556,3.16875,0.0681630079454679
2020-10-04,0.777916666666667,0.0834046796031862,1.47125,0.125084753875818,3.24666666666667,0.116681158520231
2020-10-05,0.905833333333333,0.0962296468222566,1.54291666666667,0.086148464704918,3.16291666666667,0.0678540099527409
2020-10-06,0.877916666666667,0.155143108316067,1.41791666666667,0.1047970778993,3.06875,0.124317703101159
2020-10-07,0.953333333333333,0.255183934799411,1.35375,0.130144150848204,2.99916666666667,0.130481271908426
2020-10-08,1.37409090909091,0.428926223991616,1.20181818181818,0.247744806560075,2.99318181818182,0.207258439167288
2020-10-09,0.857916666666667,0.169935516329415,0.828333333333333,0.132555703358074,2.63333333333333,0.115294204638344
2020-10-10,1.25375,0.365237415341333,0.997916666666667,0.169679471912208,2.99875,0.24984016629768
2020-10-11,0.860416666666667,0.0912464015570009,0.752916666666667,0.053849966022085,2.53,0.0638612626681091
2020-10-12,0.7175,0.072186353040013,0.644583333333333,0.0832481448633446,2.37541666666667,0.0871769398440878
2020-10-13,0.752916666666667,0.184943685122436,0.5525,0.109117009394184,2.22833333333333,0.204166740609274
2020-10-14,0.96625,0.0398707149803396,0.694166666666667,0.0235753494449027,2.42708333333333,0.0636211044193374
2020-10-15,0.889166666666667,0.0785696404840769,0.615833333333333,0.0581539685487673,2.49791666666667,0.108946702832032
2020-10-16,0.885,0.092736184954957,0.585833333333333,0.0408514452585235,2.30541666666667,0.0477292332867911
2020-10-17,1.03875,0.0609570411811894,0.667083333333333,0.0322327360824724,2.40041666666667,0.0487655586469071
2020-10-18,0.824166666666667,0.103710159104348,0.5175,0.0563567827020115,2.13416666666667,0.100732822105188
2020-10-19,0.970869565217391,0.267410359551116,0.719130434782609,0.237121239481913,2.09086956521739,0.106212182295555
2020-10-20,1.33583333333333,0.115830335692627,0.953333333333333,0.0639746326537981,2.21916666666667,0.0846433266927948
2020-10-21,1.09083333333333,0.244004929862291,0.842083333333333,0.0969974973530432,2.08916666666667,0.0957313572118519
2020-10-22,0.528333333333333,0.0823917823396329,0.534166666666667,0.0445183564158765,1.70916666666667,0.0811288115158297
2020-10-23,0.88625,0.163276572509453,0.687083333333333,0.0726204646367535,1.91166666666667,0.0622524081368791
2020-10-24,0.7225,0.152664736396885,0.61875,0.0543988890551524,1.85166666666667,0.0680579463249591
2020-10-25,0.996666666666667,0.052392056041273,0.725416666666667,0.0164129235046964,1.90916666666667,0.0278062655852436
2020-10-26,0.80875,0.229523371927282,0.645416666666667,0.0939925606060148,1.81208333333333,0.104921468216727
2020-10-27,0.615,0.126632200824728,0.479545454545455,0.103853251444034,1.71318181818182,0.0214667769081088
2020-10-28,0.513333333333333,0.106797926484784,0.365416666666667,0.0418048433502176,1.67666666666667,0.0303123832733447
2020-10-29,0.420833333333333,0.0718644053313126,0.31625,0.0273165820002048,1.60791666666667,0.0222591782079382
2020-10-30,0.5275,0.134139771361329,0.36625,0.0412639963079722,1.675,0.0334923742131665
2020-10-31,0.4675,0.0987420882906575,0.329583333333333,0.0413341806832266,1.60041666666667,0.0286628325713718
2020-11-01,0.169583333333333,0.125714623917294,0.229166666666667,0.0456752874545741,1.5925,0.0938199014764111
2020-11-02,0.129166666666667,0.0515765928259732,0.220833333333333,0.0241222730680799,1.53083333333333,0.031473476295842
2020-11-03,0.105833333333333,0.0512382895776252,0.21,0.0278192926487763,1.44583333333333,0.0688992122543891
2020-11-04,0.0558333333333333,0.0313350292479681,0.189583333333333,0.0201038968030247,1.41333333333333,0.112662121510241
2020-11-05,0.0541666666666667,0.0291796037560882,0.194583333333333,0.0270232052722915,1.31458333333333,0.115494369020149
2020-11-06,0.0269565217391304,0.0454707481003592,0.155652173913043,0.128799565462159,1.41565217391304,0.274173569559612
2020-11-07,-0.0345833333333333,0.0343864440765818,0.0133333333333333,0.0358337546318341,1.16416666666667,0.0631021715788848
2020-11-08,-0.0270833333333333,0.042270265699648,-0.00541666666666667,0.0369463967374906,1.14166666666667,0.106634959055432
2020-11-09,-0.0370833333333333,0.0292632974852484,0.00125,0.0488398002346091,1.1625,0.136898883661723
2020-11-10,-0.0308333333333333,0.0338688861534501,-0.0154166666666667,0.0418048433502176,1.10875,0.131886397096632
2020-11-11,-0.04625,0.0244615936769743,-0.0158333333333333,0.0270131476308766,1.50708333333333,0.330447380099302
2020-11-12,0.00608695652173913,0.0229107220700429,0.158695652173913,0.123777819566354,1.28782608695652,0.0754354945234145
2020-11-13,-0.0141666666666667,0.0174247866100506,0.22,0.0181778651829277,1.23833333333333,0.0576848007007397
2020-11-14,-0.0166666666666667,0.0130772509631659,0.224166666666667,0.00653862548158295,1.21125,0.0382568550265406
2020-11-15,-0.015,0.0235907129847835,0.228333333333333,0.00701964118163034,1.33083333333333,0.0797777710494796
2020-11-16,-0.03375,0.0216318002627774,0.215833333333333,0.01282547284209,1.37125,0.0625760406990185
2020-11-17,-0.0258333333333333,0.0124818709114169,0.242916666666667,0.0142886901662352,1.34875,0.0472102144437629
2020-11-18,-0.0320833333333333,0.0153167049091951,0.240833333333333,0.0161290088826385,1.33958333333333,0.030428700220375
2020-11-19,-0.03625,0.0195186644233043,0.23375,0.017147062113681,1.32833333333333,0.0728110518764996
2020-11-20,0.00416666666666667,0.0190916933147164,0.274583333333333,0.0266994816211959,1.43291666666667,0.0908165454503541
2020-11-21,0.0111111111111111,0.00600925212577332,0.268888888888889,0.0116666666666667,1.41666666666667,0.0367423461417477
2021-04-04,2.825,1.38205709657084,0.735,0.16637853882583,1.51333333333333,0.0431347430803299
2021-04-05,3.91625,1.14278383402302,0.819583333333333,0.133725194096819,1.605,0.159482859921359
2021-04-06,4.92583333333333,1.5935574549789,0.976666666666667,0.194705277092164,1.74625,0.0653959512109321
2021-04-07,5.25444444444444,1.8774301027867,0.953888888888889,0.309461370560658,1.86777777777778,0.140275173081364
2021-04-08,6.508,0.149566038925954,0.87,0.0234520787991172,1.868,0.00447213595499958
2021-04-09,5.87125,0.947258343623965,0.851666666666667,0.174596844103822,1.90541666666667,0.128570033923883
2021-04-10,6.0425,1.04533019538866,1.00541666666667,0.181179209064124,2.09416666666667,0.109103726739309
2021-04-11,5.44375,0.962342307804923,0.83125,0.0815775171499343,1.93375,0.0401965280784948
2021-04-12,5.00416666666667,1.22200802910145,0.768333333333333,0.127301991741878,1.94083333333333,0.0382118427655123
2021-04-13,5.08958333333333,0.396391102066004,0.75875,0.0899909415731239,1.95208333333333,0.0228376437272871
2021-04-14,4.30416666666667,0.435539811654723,0.690833333333333,0.0657344239554408,1.90375,0.046607752667294
2021-04-15,3.69041666666667,0.532585809919431,0.606666666666667,0.0706286471419455,1.725,0.0454924742940116
2021-04-16,2.25590909090909,1.1946892765621,0.480454545454545,0.131093469843077,1.38772727272727,0.237966220455598
2021-04-17,1.52208333333333,1.08393397507359,0.335416666666667,0.204301124018842,1.20333333333333,0.112700706632045
2021-04-18,1.80833333333333,0.691027380484818,0.41875,0.151379525925949,1.22458333333333,0.105500017171508
2021-04-19,1.67208333333333,0.337651468962825,0.369583333333333,0.0566053589924723,1.18583333333333,0.0444205853833232
2021-04-20,1.02045454545455,0.476499910285579,0.349090909090909,0.0723028742700152,1.03727272727273,0.0899302278849881
2021-04-21,0.959583333333333,0.187210162457961,0.402916666666667,0.0309949738796002,1.07875,0.0345546196496276
2021-04-22,0.788333333333333,0.340685583297366,0.374166666666667,0.0508977377704052,1.05541666666667,0.0492534851264502
2021-04-23,0.557916666666667,0.149810871105702,0.312916666666667,0.0262892219056745,1.00041666666667,0.0283578325452893
2021-04-24,0.462083333333333,0.33138679838661,0.283333333333333,0.0829702233998107,0.922083333333333,0.104131153366556
2021-04-25,0.122916666666667,0.19265827297297,0.185833333333333,0.0548449725543988,0.883333333333333,0.114081079735525
2021-04-26,0.0795833333333333,0.0660355086737212,0.179166666666667,0.018157922373651,0.883333333333333,0.0171100445115846
2021-04-27,0.0633333333333333,0.0956291144800154,0.160416666666667,0.0335545197715814,0.777916666666667,0.075698438710375
2021-04-28,-0.0308333333333333,0.0556320729097153,0.14,0.0265395521078815,0.764583333333333,0.0463426901197614
2021-04-29,-0.0865217391304348,0.0393825867902616,-0.0639130434782609,0.116022690979542,0.661739130434783,0.0335277597214123
2021-04-30,-0.0720833333333333,0.0405376010815795,-0.165,0.0174455675197729,0.68125,0.0746768400160492
2021-05-01,-0.11125,0.0132902383267799,-0.201666666666667,0.0171100445115846,0.6775,0.0179975843789732
2021-05-02,-0.1075,0.0179975843789732,-0.225,0.00932504808240314,0.77625,0.054677910649946
2021-05-03,-0.110416666666667,0.0168055805086252,-0.217083333333333,0.0123285341230492,0.63125,0.0568990333837052
2021-05-04,-0.103333333333333,0.0280785647265214,-0.215416666666667,0.00508977377704052,0.66375,0.081337327651978
2021-05-05,-0.154090909090909,0.0518844036487974,-0.178181818181818,0.0406654602049412,0.592272727272727,0.121221238834574
2021-05-06,-0.1675,0.0172576385104255,-0.107916666666667,0.0117876747224514,0.5475,0.0351703926867348
2021-05-07,-0.177083333333333,0.00690253051686349,-0.112083333333333,0.00721060008759246,0.544166666666667,0.0697147396720108
2021-05-08,-0.188333333333333,0.00916831342257085,-0.136666666666667,0.0183366268451417,0.520416666666667,0.0271035320442809
2021-05-09,-0.194166666666667,0.00880546602310508,-0.1475,0.0184744241541134,0.492916666666667,0.0305712520069977
2021-05-10,-0.195833333333333,0.00775531608229038,-0.154166666666667,0.00974307632279888,0.4925,0.0333948707334577
2021-05-11,-0.194583333333333,0.0114128709441755,-0.161666666666667,0.0116718415024353,0.464166666666667,0.0239413534662746
2021-05-12,-0.171666666666667,0.0163299316185545,-0.162083333333333,0.0257038597451259,0.432916666666667,0.0723204924152789
2021-05-13,-0.101304347826087,0.0505698749550009,-0.0343478260869565,0.0950036404544833,0.420869565217391,0.0558336037198731
2021-05-14,-0.0729166666666667,0.0108263634211833,0.005,0.02,0.3925,0.0164845118348947
2021-05-15,-0.0404166666666667,0.0160106395784224,0.0191666666666667,0.0206243137786589,0.41125,0.0167624061778005
2021-05-16,-0.0325,0.0148177332069148,0.00916666666666667,0.0251805077592667,0.369166666666667,0.0403157825031411
2021-05-17,-0.0333333333333333,0.0205715435929612,-0.00916666666666667,0.0186306588524229,0.368333333333333,0.0235291986350109
2021-05-18,0.0025,0.01893926218663,0.0141666666666667,0.0150120724365618,0.3925,0.0215184450707032
2021-05-19,0.0475,0.0232659482468712,-0.01,0.0206418738616856,0.380833333333333,0.0216527268423666
2021-05-20,0.0575,0.0269056321887864,-0.0291666666666667,0.00974307632279888,0.384166666666667,0.0171734544059104
2021-05-21,0.0908333333333333,0.0241222730680799,-0.0316666666666667,0.00380693493813441,0.390833333333333,0.010179547554081
2021-05-22,0.0569565217391304,0.0326739794455209,-0.119130434782609,0.0716629131596647,0.384782608695652,0.0127456107301838
2021-05-23,0.0879166666666667,0.0351368958400619,-0.18,0.0258759582893331,0.395416666666667,0.01864523873637
2021-05-24,0.0841666666666667,0.0426223728418147,-0.220416666666667,0.00999093792292346,0.377916666666667,0.0106236678619288
2021-05-25,0.152916666666667,0.0448649341784938,-0.22,0.016681153124566,0.395416666666667,0.0138247310428014
2021-05-26,0.2225,0.0374456127342507,-0.202083333333333,0.0135065738154383,0.524583333333333,0.0800531978921119
2021-05-27,0.229166666666667,0.0465241093802255,-0.159166666666667,0.036105722377565,0.54625,0.0226144432493542
2021-05-28,0.114583333333333,0.0202117414577177,-0.137083333333333,0.0175645806313052,0.532083333333333,0.00931532942621144
2021-05-29,0.02875,0.0496345339105923,-0.158333333333333,0.0277671477244895,0.51875,0.0148360606514052
2021-05-30,0.118695652173913,0.0628348736282132,-0.120869565217391,0.0834436687220928,0.57,0.0617914380653325
2021-05-31,0.173333333333333,0.0478827069325493,-0.149166666666667,0.0235753494449027,0.592916666666667,0.0380479293462369
2021-06-01,0.20875,0.081790426781155,-0.12875,0.0187228063671254,0.64375,0.0864172134624155
2021-06-02,0.23125,0.0580339106265354,-0.139583333333333,0.0437859583077445,0.696666666666667,0.0845790942751564
2021-06-03,0.227916666666667,0.107500421300152,-0.154166666666667,0.0380978906943983,0.674166666666667,0.122471528782484
2021-06-04,0.249166666666667,0.0655356966563405,-0.172916666666667,0.0187614699217089,0.6025,0.045132654716282
2021-06-05,0.245416666666667,0.0847492037498399,-0.100416666666667,0.109285392900649,0.944583333333333,0.488698174538336
2021-06-06,0.180833333333333,0.0790110981013959,-0.130833333333333,0.130514589111771,0.96125,0.475708282001919
2021-06-07,0.166666666666667,0.0604811624763674,-0.115,0.154159713905107,1.10875,0.768846185216353
2021-06-08,0.148695652173913,0.0501184368023373,0.129130434782609,0.0905494863937174,1.77130434782609,0.707635655788961
2021-06-09,0.0854166666666667,0.0320297642373691,-0.045,0.0605051201570362,0.79875,0.185994682018413
2021-06-10,0.0991666666666667,0.0446159131941164,-0.0504166666666667,0.0729192028544439,0.795416666666667,0.308938986049753
2021-06-11,0.07875,0.0254203786788064,0.00125,0.0730284340097269,1.10208333333333,0.39536421476765
2021-06-12,0.09625,0.0334680249738788,-0.0125,0.104600689996893,0.960416666666667,0.435755008618641
2021-06-13,0.101666666666667,0.0304554795050752,0.0283333333333333,0.0581352745321422,1.16208333333333,0.460755326626283
2021-06-14,0.154166666666667,0.0424178660745545,0.17875,0.123264032625622,1.52291666666667,0.384995529806535
2021-06-15,0.248260869565217,0.0549091956128102,0.563478260869565,0.157584283239512,2.5104347826087,0.415489615457907
2021-06-16,0.250833333333333,0.0587490363781596,0.49125,0.112879793701472,1.99625,0.290693511092533
2021-06-17,0.26,0.033751006426218,0.583333333333333,0.0902492522751955,2.46125,0.320452295846111
2021-06-18,0.234166666666667,0.0382118427655123,0.76125,0.204393322872306,3.44166666666667,1.01630475858319
2021-06-19,0.262083333333333,0.0388955308337678,1.23958333333333,0.293131209183023,5.47208333333333,1.23834735299377
2021-06-20,0.203333333333333,0.0314389216911371,1.07666666666667,0.14517355929659,4.66083333333333,0.650297033580854
2021-06-21,0.150833333333333,0.0158571521832364,0.655833333333333,0.0934794405048589,3.03666666666667,0.320836768285772
2021-06-22,0.140833333333333,0.0131601066028016,0.7475,0.126189987889207,3.47958333333333,0.271861204464252
2021-06-23,0.15,0.0212643813228478,0.81875,0.211994924057363,3.65833333333333,0.666996295320307
2021-06-24,0.160416666666667,0.0116017864691332,0.925416666666667,0.146435300052444,3.94625,0.577707707800557
2021-06-25,0.21304347826087,0.0393625089980873,1.25347826086957,0.322089889989117,5.16608695652174,1.22369685465595
2021-06-26,0.21375,0.0673609679265374,1.2825,0.760910495793491,4.91125,2.96477041049666
2021-06-27,0.194583333333333,0.0329662761366649,1.07666666666667,0.387519050490106,4.7625,2.53147705637569
2021-06-28,0.1725,0.0215184450707032,0.808333333333333,0.176651626376462,3.55708333333333,0.695729077497385
2021-06-29,0.175833333333333,0.0183958092265997,0.920833333333333,0.20376705939075,3.82583333333333,0.706183352633176
2021-06-30,0.182083333333333,0.0310650323013522,0.917083333333333,0.216884645088956,4.96458333333333,1.72075054192531
2021-07-01,0.156666666666667,0.0146455711265621,0.585416666666667,0.1097815683693,3.62958333333333,0.423725497346394
2021-07-02,0.201818181818182,0.0186793401628042,0.657272727272727,0.067554691647852,3.72090909090909,0.778135188957788
2021-07-03,0.184166666666667,0.016396358733272,0.632083333333333,0.1359341006155,4.01916666666667,0.361048192214626
2021-07-04,0.202083333333333,0.00832970935693523,0.6625,0.0912354812749857,4.29208333333333,0.290291894578493
2021-07-05,0.2125,0.00793999233380421,0.83625,0.0899667813091612,5.11458333333333,0.231497566268861
2021-07-06,0.24625,0.0242832022814842,0.937083333333333,0.109484132924908,5.44875,0.279989324330644
2021-07-07,0.27875,0.0637462701381166,1.0725,0.220754634596088,5.3025,0.839354047700554
2021-07-08,0.242916666666667,0.0211576210273327,0.8975,0.0896490742938215,4.435,0.406383840829033
2021-07-09,0.260869565217391,0.0308829231244625,0.93,0.0945804131173815,4.67869565217391,0.669927433979546
2021-07-10,0.245416666666667,0.0150301629100103,0.872916666666667,0.141712481935191,4.2675,0.476702897173819
2021-07-11,0.27,0.0234056849281648,0.849166666666667,0.0742449920235682,4.34583333333333,0.319890153247842
2021-07-12,0.277916666666667,0.0255341487742041,0.804166666666667,0.0866234563406806,3.74416666666667,0.365155317361122
2021-07-13,0.300416666666667,0.0203190137270631,0.82125,0.103852424559836,4.19125,0.463449378127705
2021-07-14,0.404347826086957,0.101615410738749,1.13217391304348,0.147338710637001,5.01086956521739,0.598808764764589
2021-07-15,0.480833333333333,0.100039847133494,1.07875,0.180200673163825,4.89833333333333,1.10450329842508
2021-07-16,0.450416666666667,0.0566053589924723,1.04041666666667,0.112847691377694,4.78333333333333,0.523903962877588
2021-07-17,0.424583333333333,0.068396489019137,0.96,0.0503034271457591,4.13666666666667,0.51972121846961
2021-07-18,0.361666666666667,0.0476095228569523,0.822083333333333,0.167746681860961,3.715,0.596168928496234
2021-07-19,0.398333333333333,0.0457466241725923,0.69125,0.196696908753146,3.35041666666667,0.497851725496367
2021-07-20,0.438333333333333,0.0886451973571764,0.6125,0.0704180065904589,3.57666666666667,0.298250939962317
2021-07-21,0.472083333333333,0.11351993376636,0.745833333333333,0.120141824403554,3.59625,0.308415480635542
2021-07-22,0.860416666666667,1.59593635910673,1.14125,0.631831791732165,4.35958333333333,0.398415111974026
2021-07-23,0.42875,0.0207075915505905,0.81625,0.150645350871278,4.15041666666667,0.339763078152059
2021-07-24,0.464166666666667,0.0479054019525135,0.9425,0.126396546458049,4.52833333333333,0.248327740429189
2021-07-25,0.4575,0.028930200858949,0.79625,0.0797175721177447,4.31333333333333,0.132095705313681
2021-07-26,0.454782608695652,0.0540933171151644,0.71304347826087,0.137722870042729,3.7895652173913,0.505411427910421
2021-07-27,0.461666666666667,0.0330568241546039,0.800833333333333,0.0493361730479219,3.82583333333333,0.115492016161731
2021-07-28,0.46375,0.0730581959810123,0.679166666666667,0.146403749852982,3.44375,0.354018084775095
2021-07-29,0.5275,0.105304940220213,0.80125,0.060239557998263,3.7,0.0851596965297756
2021-07-30,0.474583333333333,0.064199361141794,0.7375,0.0877867970661331,3.49708333333333,0.164117645149068
2021-07-31,0.49,0.0412837477233712,0.762083333333333,0.0719890792845129,3.52541666666667,0.0672425309682383
2021-08-01,0.457916666666667,0.0262063992627534,0.77875,0.0259284131542147,3.35916666666667,0.036105722377565
2021-08-02,0.427391304347826,0.0800691400832798,0.732173913043478,0.140775660400741,2.99304347826087,0.303036673187327
2021-08-03,0.404166666666667,0.0972185644584527,0.60125,0.108440025499973,2.98875,0.0926100989891632
2021-08-04,0.360833333333333,0.070705553970808,0.5325,0.128342273356968,2.92375,0.273635945070787
2021-08-05,0.374583333333333,0.022837643727287,0.685833333333333,0.107416971643691,3.10875,0.204988069642241
2021-08-06,0.3525,0.0398093281618222,0.766666666666667,0.0585822845062483,3.24625,0.568444196335776
2021-08-07,0.361666666666667,0.0188048714009375,0.8575,0.034672379685327,3.16041666666667,0.055597870358547
2021-08-08,0.342083333333333,0.030924756744559,0.929583333333333,0.0556760167449119,3.07458333333333,0.0648060092937353
2021-08-09,0.334583333333333,0.044033501738589,1.03,0.0454924742940116,3.1275,0.140255977164735
2021-08-10,0.395833333333333,0.0468036292411703,1.04916666666667,0.0969050035351371,3.48666666666667,0.168126936172247
2021-08-11,0.4675,0.149905767502237,1.15875,0.12952463254062,3.4825,0.370138047102758
2021-08-12,0.7075,0.146443341173005,1.35708333333333,0.0856422877396171,4.405,0.361698889902252
2021-08-13,0.635,0.0992711534372494,1.22090909090909,0.136970942031655,4.48909090909091,0.185803508370923
2021-08-14,0.494583333333333,0.0906967794196765,1.15333333333333,0.0739369100427294,4.43583333333333,0.314378844662001
2021-08-15,0.517916666666667,0.0776826972322367,1.2575,0.172909878511774,4.95375,0.250179283540911
2021-08-16,0.4775,0.122696160600432,1.10375,0.179075221017897,4.53666666666667,0.310002337532094
2021-08-17,0.435416666666667,0.11309784785046,0.950416666666667,0.24353339502572,4.015,0.334000781045689
2021-08-18,0.423333333333333,0.107163697076083,0.80875,0.151838372305382,4.02916666666667,0.239635895305442
2021-08-19,0.497826086956522,0.0846896216534841,0.800869565217391,0.15356115286095,3.84173913043478,0.218333609912426
2021-08-20,0.645,0.205023858632832,0.804583333333333,0.196490494662601,4.01708333333333,0.180782818697552
2021-08-21,0.619166666666667,0.0652031385392016,0.936666666666667,0.119588667002197,4.01791666666667,0.197725746969111
2021-08-22,0.633333333333333,0.0458257569495584,0.901111111111111,0.0886629071884692,3.88444444444444,0.0943545323647878
2021-08-31,0.492857142857143,0.0272956946248844,1.02071428571429,0.132923592031969,3.02357142857143,0.0403078810498055
2021-09-01,0.42125,0.0590734620031997,0.98,0.146673254134013,2.85041666666667,0.0625876197416673
2021-09-02,0.465416666666667,0.0736016993345095,1.06541666666667,0.141850477514228,3.01208333333333,0.0919347200660511
2021-09-03,0.485,0.0267028739700593,1.16375,0.0349922351635206,2.86833333333333,0.11250764869329
2021-09-04,0.524166666666667,0.022825741888351,1.21625,0.0624020972334299,2.60208333333333,0.0522518288980244
2021-09-05,0.49875,0.045997400682704,1.1775,0.0680952018995401,2.59541666666667,0.0537287200882251
2021-09-06,0.523333333333333,0.0715460731257149,1.14,0.165240273015046,2.62791666666667,0.0534040518464956
2021-09-07,0.54875,0.0368678603994696,1.18833333333333,0.0655191088400049,2.72583333333333,0.0421092437096309
2021-09-08,0.627083333333333,0.0330321538565955,1.30125,0.085684583362977,2.77416666666667,0.0801040989379861
2021-09-09,0.67125,0.046654372086468,1.32458333333333,0.129781728688785,2.9625,0.0753109496051854
2021-09-10,0.681363636363636,0.0442175847960379,1.22954545454545,0.171227425282375,3.03363636363636,0.0724105658263353
2021-09-11,0.62125,0.0551135192126215,1.17916666666667,0.12819538981966,2.94083333333333,0.0955950092687974
2021-09-12,0.64375,0.0874176631241476,1.21125,0.0339196621189078,3.03083333333333,0.0924505351486694
2021-09-13,0.60375,0.0465143736550514,1.27166666666667,0.062946952591684,2.74958333333333,0.106668081965248
2021-09-14,0.509166666666667,0.0270131476308767,1.26958333333333,0.0555196139776916,2.56333333333333,0.0680579463249591
2021-09-15,0.597142857142857,0.120380349606689,1.29238095238095,0.0844928850202644,2.55476190476191,0.128125682344292
2021-09-16,0.660416666666667,0.109285392900649,1.36041666666667,0.150520233124023,2.52458333333333,0.106034414703196
2021-09-17,0.680416666666667,0.0835869329639438,1.39458333333333,0.174828591002399,2.57541666666667,0.0574818812032685
2021-09-18,0.626666666666667,0.133893749786478,1.24375,0.234924826089206,2.46791666666667,0.0837687898022142
2021-09-19,0.589583333333333,0.16230618318921,1.1675,0.262086112632437,2.35125,0.0862913416987702
2021-09-20,0.635833333333333,0.0261960280206365,1.29833333333333,0.122178296893859,2.40416666666667,0.0393332105131956
2021-09-21,0.706666666666667,0.127267833521575,1.34125,0.106089072502062,2.49125,0.13610457935624
2021-09-22,0.744583333333333,0.086927214264062,1.39583333333333,0.123285341230492,2.5775,0.0710327542329104
2021-09-23,0.715833333333333,0.0674966451125482,1.45291666666667,0.135854115063586,2.57125,0.0624369246937851
2021-09-24,0.750434782608696,0.0518282356240798,1.50086956521739,0.117198861438709,2.60086956521739,0.0578330703976588
2021-09-25,0.73875,0.0377995284074562,1.51125,0.0946532573683272,2.67458333333333,0.0956887693499616
2021-09-26,0.834583333333333,0.0471795061133693,1.57333333333333,0.120782473054253,2.66083333333333,0.0376386326354541
2021-09-27,0.865,0.201451256376455,1.47708333333333,0.253779760159605,2.57791666666667,0.122828235199887
2021-09-28,0.799583333333333,0.198614311990693,1.36583333333333,0.255358514670047,2.63875,0.0681630079454679
2021-09-29,0.6775,0.185431342034446,1.19125,0.250465870277595,2.42458333333333,0.176683927239938
2021-09-30,0.6875,0.177770002849309,1.20541666666667,0.247667012893042,2.53,0.105542078976978
2021-10-01,0.725416666666667,0.249294293812627,1.05291666666667,0.275530778942984,2.54791666666667,0.190787365516115
2021-10-02,0.917083333333333,0.116971909175801,0.866666666666667,0.0960826938525925,2.78166666666667,0.102136595096816
2021-10-03,0.969166666666667,0.129612018587471,0.924583333333333,0.0873762064252927,2.78,0.130317338430664
2021-10-04,0.85375,0.0537152314242108,1.05541666666667,0.0310650323013523,2.67208333333333,0.0514130051781577
2021-10-05,0.838636363636364,0.0580882296531959,1.20045454545455,0.0760624600936483,2.72045454545455,0.102142630096923
2021-10-06,0.567916666666667,0.121725963314847,0.998333333333333,0.19997101239205,2.15458333333333,0.158195783120478
2021-10-07,0.627083333333333,0.0340688773779985,1.14625,0.061771845282177,2.18958333333333,0.102511045710956
2021-10-08,0.704166666666667,0.0656020059785202,1.24916666666667,0.0980202581841772,2.49791666666667,0.136476759183025
2021-10-09,0.514583333333333,0.152685501338014,1.09625,0.218588605057239,2.41666666666667,0.10889431121272
2021-10-10,0.400526315789474,0.0416964805616502,0.981578947368421,0.0606687873159335,1.90315789473684,0.113727385130649
2021-10-11,0.51,0.04,1.022,0.0130384048104053,2.012,0.0544977063737549
2021-10-12,0.371666666666667,0.0406112713703824,0.93875,0.0293868500612389,1.88,0.0827778588334071
2021-10-13,0.364166666666667,0.0424178660745545,0.887916666666667,0.0669833961688928,1.835,0.113098648744475
2021-10-14,0.356666666666667,0.0546663131837281,0.816666666666667,0.0784450329109868,1.83833333333333,0.0342200890231691
2021-10-15,0.529130434782609,0.0894382998841436,1.04913043478261,0.126164144289683,1.97695652173913,0.046263551587979
2021-10-16,0.442083333333333,0.0605754410464424,0.9175,0.101091865238462,2.06041666666667,0.0891739466078697
2021-10-17,0.487916666666667,0.0459658821175073,0.926666666666667,0.108092821089166,2.09708333333333,0.0364129894007818
2021-10-18,0.6275,0.201801667593403,0.969583333333333,0.162654051839203,2.13333333333333,0.0968489036846961
2021-10-19,0.515833333333333,0.0775111025240433,0.881666666666667,0.0918252909495582,2.06708333333333,0.0825927234749799
2021-10-20,0.578333333333333,0.100505966366989,0.950416666666667,0.125437639683132,2.04708333333333,0.0633471571488459
2021-10-21,0.530833333333333,0.0347558774093354,0.990416666666667,0.0415440223991545,2.00625,0.0291640785601203
2021-10-22,0.482272727272727,0.0520010822398203,0.908636363636364,0.0823057860921237,1.96954545454545,0.0549005397429685
2021-10-23,0.380833333333333,0.0972185644584527,0.662083333333333,0.122189416985222,1.84291666666667,0.0857437621849146
2021-10-24,0.3025,0.0460859310796501,0.597916666666667,0.0314821090209312,1.78208333333333,0.0367102836755075
2021-10-25,0.345,0.0734846922834953,0.65625,0.0940773271211553,2.06541666666667,0.106280153436532
2021-10-26,0.365,0.0977129780886681,0.617916666666667,0.108786954407573,1.97125,0.153914501958209
2021-10-27,0.28,0.066332495807108,0.536666666666667,0.0767076135140085,1.80666666666667,0.0264848876788692
2021-10-28,0.195833333333333,0.0190916933147164,0.459583333333333,0.0231214499821132,1.77125,0.0308308851358645
2021-10-29,0.159166666666667,0.0183958092265997,0.415416666666667,0.0234018146205851,1.71833333333333,0.0397455676136036
2021-10-30,0.15625,0.0317342908758224,0.385833333333333,0.028880061824977,1.61791666666667,0.0447193340802354
2021-10-31,0.155,0.0226504630915324,0.387083333333333,0.0322327360824724,1.5825,0.0452288864987083
2021-11-01,0.180833333333333,0.0235753494449027,0.39,0.0369488483082267,1.63583333333333,0.031335029247968
2021-11-02,0.146666666666667,0.0264848876788692,0.342083333333333,0.0401062899400284,1.49833333333333,0.0526404264112063
2021-11-03,0.165,0.0549307864894344,0.41875,0.105966052808558,1.38708333333333,0.036887510159905
2021-11-04,0.144583333333333,0.0237704907792005,0.450833333333333,0.0444205853833231,1.31958333333333,0.0385023055963131
2021-11-05,0.0976190476190476,0.0172929933512859,0.417619047619048,0.0436926494853267,1.34857142857143,0.0168183573174416
2021-11-06,0.0945833333333333,0.0371810104251066,0.376666666666667,0.0450764246360668,1.4025,0.0438624331686953
2021-11-07,0.0933333333333333,0.032659863237109,0.365416666666667,0.0447193340802355,1.53416666666667,0.408187048626811
2021-11-08,0.111111111111111,0.0718567929482694,0.307777777777778,0.0459610519968113,1.38,0.273990124338988
2021-11-10,0.02,0.01,0.19,0.014142135623731,1.276,0.00547722557505167
2021-11-11,0.004,0.00547722557505166,0.176,0.00894427190999915,1.278,0.0130384048104053
2021-11-15,0.005,0.0137840487520902,0.206666666666667,0.0196638416050035,1.30333333333333,0.0301109061083633
2021-11-16,-0.03,0.0158113883008419,0.16,0.0187082869338697,1.268,0.0109544511501033
2021-11-17,-0.0516666666666667,0.0146680440124618,0.12,0.0112815214963553,1.28083333333333,0.0490747728811182
2021-11-18,-0.0572727272727273,0.00904534033733291,0.111818181818182,0.00603022689155527,1.35181818181818,0.0603022689155527
2021-11-19,-0.0352941176470588,0.0237480649366489,0.162941176470588,0.0375440917259881,1.37117647058824,0.0280362160742976
2021-11-20,-0.0075,0.0489168390521827,0.19,0.0407080195679286,1.39125,0.0666413642460253
2021-11-21,0.02,0.014142135623731,0.225,0.00707106781186548,1.225,0.134350288425444
2021-11-27,0.055,0.00707106781186547,0.225,0.00707106781186548,1.405,0.0212132034355964
2021-11-28,0.0794117647058823,0.0445071045221005,0.218235294117647,0.014677914581799,1.35,0.10717975555113
2021-11-29,0.134,0.0189736659610103,0.239,0.0128668393770792,1.419,0.0495423500093046
2021-11-30,0.160625,0.052595151867829,0.251875,0.0242813371405558,1.424375,0.0541564092852053
2021-12-01,0.2,0.0364317543809343,0.26304347826087,0.016077873731169,1.38782608695652,0.0252184134997949
2021-12-02,0.242352941176471,0.0687867548810003,0.288235294117647,0.0162923655885383,1.39941176470588,0.0565100199340009
2021-12-03,0.293333333333333,0.0472581562625261,0.326666666666667,0.0378593889720018,1.59666666666667,0.0901849950564579
