"sampleID","incubationID","startDate","depth","treatment","Kmet_t1","Kmet_t2","Kmet_total","HgT_198_daily_percent_loss_t1","HgT_198_daily_percent_loss_t2","HgT_198_percent_loss_total","Kdem_t1","Kdem_t2","Kdem_total","HgT_204_daily_percent_loss_t1","HgT_204_daily_percent_loss_t2","HgT_204_percent_loss_total"
"BLiMMP_sample_0020","BLiMMP_MA_0021","2019-07-30",20,"unfiltered-unamended",0.00959027287828131,NA,NA,51.7603287119015,NA,NA,0.0602398397587933,NA,NA,51.8134292494198,NA,NA
"BLiMMP_sample_0020","BLiMMP_MA_0022","2019-07-30",20,"unfiltered-unamended",0.0475656560231648,NA,NA,8.9106615957112,NA,NA,0.139267795217169,NA,NA,14.9157905493663,NA,NA
"BLiMMP_sample_0020","BLiMMP_MA_0023","2019-07-30",20,"unfiltered-unamended",0.0249580890026989,NA,NA,-23.7339799578257,NA,NA,-0.0323512428444378,NA,NA,-13.7666274985363,NA,NA
"BLiMMP_sample_0021","BLiMMP_MA_0024","2019-07-30",10.3,"filtered-unamended",-0.0026513504851769,NA,NA,38.0123797610512,NA,NA,-0.117436263114359,NA,NA,15.0970729829849,NA,NA
"BLiMMP_sample_0021","BLiMMP_MA_0025","2019-07-30",10.3,"filtered-unamended",0.00385703462565233,NA,NA,21.6552504002196,NA,NA,0.0669591891819661,NA,NA,-3.96656850661871,NA,NA
"BLiMMP_sample_0021","BLiMMP_MA_0026","2019-07-30",10.3,"unfiltered-unamended",0.0048465292850994,NA,NA,12.4335182100482,NA,NA,0.191193865880154,NA,NA,4.28923821124829,NA,NA
"BLiMMP_sample_0021","BLiMMP_MA_0027","2019-07-30",10.3,"unfiltered-unamended",-0.00270720036816323,NA,NA,24.7498339872287,NA,NA,0.0789827240020283,NA,NA,9.87174888563169,NA,NA
"BLiMMP_sample_0021","BLiMMP_MA_0028","2019-07-30",10.3,"unfiltered-unamended",0,NA,NA,67.6902829618968,NA,NA,0.0082894868651083,NA,NA,62.2185894542462,NA,NA
"BLiMMP_sample_0031","BLiMMP_MA_0029","2019-08-30",11.7,"unfiltered-molybdate",-0.00213403741638804,NA,NA,61.8179529377209,NA,NA,-0.04601841654789,NA,NA,19.3753075807579,NA,NA
"BLiMMP_sample_0031","BLiMMP_MA_0030","2019-08-30",11.7,"unfiltered-molybdate",0.0018624761171294,NA,NA,27.7478382477701,NA,NA,-0.0410553201476757,NA,NA,28.5957324610207,NA,NA
"BLiMMP_sample_0031","BLiMMP_MA_0031","2019-08-30",11.7,"unfiltered-molybdate",0,NA,NA,75.2568236647904,NA,NA,-0.24039675893853,NA,NA,48.6555292321824,NA,NA
"BLiMMP_sample_0031","BLiMMP_MA_0032","2019-08-30",11.7,"unfiltered-unamended",0.00444441013717682,NA,NA,61.0077297012638,NA,NA,-0.107998566239115,NA,NA,2.37272281460678,NA,NA
"BLiMMP_sample_0031","BLiMMP_MA_0033","2019-08-30",11.7,"unfiltered-unamended",0.000882573169171905,NA,NA,16.2311421204861,NA,NA,0.0845383750422035,NA,NA,23.112142955954,NA,NA
"BLiMMP_sample_0031","BLiMMP_MA_0034","2019-08-30",11.7,"unfiltered-unamended",0.00198837692800823,NA,NA,32.5039571939106,NA,NA,0.0510222422358398,NA,NA,30.4489439701842,NA,NA
"BLiMMP_sample_0031","BLiMMP_MA_0035","2019-08-30",11.7,"filtered-unamended",0.00265380235775707,NA,NA,76.402371719283,NA,NA,-0.0627523341959137,NA,NA,27.2362300178849,NA,NA
"BLiMMP_sample_0031","BLiMMP_MA_0036","2019-08-30",11.7,"filtered-unamended",0.00185918841716638,NA,NA,21.858609818446,NA,NA,-0.0502627951090591,NA,NA,28.5106307760098,NA,NA
"BLiMMP_sample_0031","BLiMMP_MA_0037","2019-08-30",11.7,"filtered-unamended",-0.00213813881021235,NA,NA,29.3895593747808,NA,NA,0.131114968978172,NA,NA,24.7961079104562,NA,NA
"BLiMMP_sample_0032","BLiMMP_MA_0038","2019-08-30",14,"unfiltered-molybdate",0.00673989627153444,NA,NA,20.9238442352403,NA,NA,0.0409624723546763,NA,NA,35.299386603519,NA,NA
"BLiMMP_sample_0032","BLiMMP_MA_0039","2019-08-30",14,"unfiltered-molybdate",0.00962450047603458,NA,NA,17.5929969237736,NA,NA,0.0795927359474741,NA,NA,30.2758267315729,NA,NA
"BLiMMP_sample_0032","BLiMMP_MA_0040","2019-08-30",14,"unfiltered-molybdate",0.000764064215480231,NA,NA,17.436085488951,NA,NA,0.141251143341576,NA,NA,36.7039298846532,NA,NA
"BLiMMP_sample_0032","BLiMMP_MA_0041","2019-08-30",14,"unfiltered-unamended",0.0515989652629047,NA,NA,24.5995367402272,NA,NA,0.259026464431135,NA,NA,26.5004044843141,NA,NA
"BLiMMP_sample_0032","BLiMMP_MA_0042","2019-08-30",14,"unfiltered-unamended",0.00498299940404531,NA,NA,10.6607349831023,NA,NA,0.0366419859622666,NA,NA,9.58499892143962,NA,NA
"BLiMMP_sample_0032","BLiMMP_MA_0043","2019-08-30",14,"unfiltered-unamended",0.0511864462001425,NA,NA,35.6268773131493,NA,NA,-0.0221522045072936,NA,NA,47.4144078111135,NA,NA
"BLiMMP_sample_0032","BLiMMP_MA_0044","2019-08-30",14,"filtered-unamended",0.00245832602992539,NA,NA,20.6118289036418,NA,NA,0.0451420194477321,NA,NA,39.2944273480741,NA,NA
"BLiMMP_sample_0032","BLiMMP_MA_0045","2019-08-30",14,"filtered-unamended",0.00593828681573177,NA,NA,0.805720896094508,NA,NA,0.273716536644965,NA,NA,25.2498220476805,NA,NA
"BLiMMP_sample_0032","BLiMMP_MA_0046","2019-08-30",14,"filtered-unamended",0.0077333316322873,NA,NA,22.2755983636227,NA,NA,0.0952738035399021,NA,NA,48.8568781780996,NA,NA
"BLiMMP_sample_0033","BLiMMP_MA_0047","2019-08-30",20.1,"unfiltered-molybdate",0.0138060466150708,NA,NA,54.9538898420808,NA,NA,0.0819268927608098,NA,NA,53.8886555540784,NA,NA
"BLiMMP_sample_0033","BLiMMP_MA_0048","2019-08-30",20.1,"unfiltered-molybdate",0,NA,NA,30.3599235168382,NA,NA,0.112473470929696,NA,NA,30.7582785008322,NA,NA
"BLiMMP_sample_0033","BLiMMP_MA_0049","2019-08-30",20.1,"unfiltered-molybdate",-0.00372517989384861,NA,NA,63.3520713595143,NA,NA,0.0355621381216066,NA,NA,61.9328520521882,NA,NA
"BLiMMP_sample_0033","BLiMMP_MA_0050","2019-08-30",20.1,"unfiltered-unamended",0.0465584028015294,NA,NA,25.0992760285908,NA,NA,0.0925641470193618,NA,NA,29.7814021423942,NA,NA
"BLiMMP_sample_0033","BLiMMP_MA_0051","2019-08-30",20.1,"unfiltered-unamended",0.00609664362840153,NA,NA,10.8774970162017,NA,NA,0.0711359920919878,NA,NA,4.90315818034917,NA,NA
"BLiMMP_sample_0033","BLiMMP_MA_0052","2019-08-30",20.1,"unfiltered-unamended",0.0170886463985713,NA,NA,9.09459432597405,NA,NA,0.0554105159872552,NA,NA,10.2929051640037,NA,NA
"BLiMMP_sample_0033","BLiMMP_MA_0053","2019-08-30",20.1,"filtered-unamended",0.00172809587726033,NA,NA,10.5038422758544,NA,NA,0.228552655763765,NA,NA,12.8036204828063,NA,NA
"BLiMMP_sample_0033","BLiMMP_MA_0054","2019-08-30",20.1,"filtered-unamended",0.00772190197360141,NA,NA,11.9485389296317,NA,NA,0.188939689583199,NA,NA,9.23320666941946,NA,NA
"BLiMMP_sample_0033","BLiMMP_MA_0055","2019-08-30",20.1,"filtered-unamended",0.00523695808825957,NA,NA,41.7275182251837,NA,NA,0.146680411606732,NA,NA,47.5113344829469,NA,NA
"BLiMMP_sample_0034","BLiMMP_MA_0057","2019-10-08",16.18,"filtered-unamended",0.00391534731875031,NA,NA,-2.23739914868265,NA,NA,0.244562043033834,NA,NA,11.8300981379114,NA,NA
"BLiMMP_sample_0034","BLiMMP_MA_0058","2019-10-08",16.18,"filtered-unamended",0,NA,NA,15.8300116704211,NA,NA,0.113155555072234,NA,NA,28.0191266885752,NA,NA
"BLiMMP_sample_0034","BLiMMP_MA_0059","2019-10-08",16.18,"unfiltered-molybdate",0.00139696442322392,NA,NA,12.6848940051917,NA,NA,0.116558577125741,NA,NA,33.8993871820334,NA,NA
"BLiMMP_sample_0034","BLiMMP_MA_0060","2019-10-08",16.18,"unfiltered-unamended",0.0864978098330764,NA,NA,16.434770815309,NA,NA,0.0548312224983197,NA,NA,26.6096578427797,NA,NA
"BLiMMP_sample_0034","BLiMMP_MA_0063","2019-10-08",16.18,"unfiltered-molybdate",-0.00290878099325653,NA,NA,25.1163213776138,NA,NA,0.0499810417584425,NA,NA,44.0567644512563,NA,NA
"BLiMMP_sample_0034","BLiMMP_MA_0065","2019-10-08",16.18,"unfiltered-unamended",0.0352760891488394,NA,NA,-30.671446371979,NA,NA,0.661276116823797,NA,NA,-12.1119471353587,NA,NA
"BLiMMP_sample_0035","BLiMMP_MA_0068","2019-10-08",19.3,"unfiltered-unamended",0.0386129893866519,NA,NA,7.20500236298922,NA,NA,0.205210532452224,NA,NA,7.61514670669512,NA,NA
"BLiMMP_sample_0035","BLiMMP_MA_0069","2019-10-08",19.3,"filtered-unamended",0.00341918856417033,NA,NA,27.7067154476139,NA,NA,0.11932753178151,NA,NA,28.4894029232907,NA,NA
"BLiMMP_sample_0035","BLiMMP_MA_0071","2019-10-08",19.3,"filtered-unamended",0.00134133202288735,NA,NA,29.7948922670178,NA,NA,0.148469887824779,NA,NA,37.0470581686733,NA,NA
"BLiMMP_sample_0035","BLiMMP_MA_0072","2019-10-08",19.3,"unfiltered-molybdate",0.00271984156688002,NA,NA,19.8082170539024,NA,NA,0.032392123761412,NA,NA,34.6873655793256,NA,NA
"BLiMMP_sample_0035","BLiMMP_MA_0074","2019-10-08",19.3,"unfiltered-unamended",0.0345930345006658,NA,NA,-1.00273603666253,NA,NA,0.2730701952062,NA,NA,-1.79798833446703,NA,NA
"BLiMMP_sample_0035","BLiMMP_MA_0075","2019-10-08",19.3,"unfiltered-molybdate",0.00232423534080338,NA,NA,3.01191591118074,NA,NA,0.243636815901971,NA,NA,8.47745031975762,NA,NA
"BLiMMP_sample_0046","BLI20_MA_001","2020-09-02",20.7,"unfiltered-unamended",0.155378446437368,0.120643431635389,0.114671730834927,16.8908080781583,17.1130952380952,52.6649746192893,0.332852619145683,-0.0949110440827782,0.0124791339270705,4.63600026666274,7.97570850202429,23.9393939393939
"BLiMMP_sample_0046","BLI20_MA_002","2020-09-02",20.7,"unfiltered-molybdate",0.0447186096561883,0.0581374727276625,0.0500946183603221,9.39840519759446,9.76128819501657,31.4385150812065,-0.0142872026622194,-0.0744513014615555,-0.0592415468521132,14.0109811595557,3.35703433141657,19.906976744186
"BLiMMP_sample_0046","BLI20_MA_003","2020-09-02",20.7,"unfiltered-unamended",0.110103713700694,0.0656183279527169,0.0728013429350586,16.1604806190996,11.6568903330829,40.253164556962,0.0294860082053977,-0.0187948699651405,-0.00674870965734395,5.39699843125806,5.1874942572556,17.6225234619395
"BLiMMP_sample_0046","BLI20_MA_004","2020-09-02",20.7,"unfiltered-molybdate",0.0353122930920327,0.0504086598468612,0.0427383846437195,3.84102427313949,9.10055589251621,26.2576687116564,0.0132119338096799,-0.0253242227671958,-0.0157460949032816,-3.02878863598504,4.99863026205798,10.7628004179728
"BLiMMP_sample_0046","BLI20_MA_005","2020-09-02",20.7,"unfiltered-unamended",0.145210009686088,0.0971899877638336,0.103757661123227,17.1399053874586,10.2114082483847,37.3390557939914,0.00380066169679016,0.107235788149234,0.0812261348101337,8.13028899690116,2.57693843937114,13.2464712269273
"BLiMMP_sample_0046","BLI20_MA_006","2020-09-02",20.7,"unfiltered-molybdate",0.03911093977572,0.0508459442132022,0.0458638192719874,12.8438284761225,5.20253955874157,23.0668414154653,0.00405297895592378,-0.00601781463467324,-0.00348388627162212,4.62711365443155,0.135058460804334,4.34782608695653
"BLiMMP_sample_0046","BLI20_MA_007","2020-09-02",20.7,"unfiltered-unamended",0.0945512456854183,0.16935833363023,0.119555256794246,-5.36672423283416,17.7269150530064,43.75,0.517260820576994,-0.134208208845182,0.0282360999237221,-6.65680217341929,8.28058815599314,17.0814479638009
"BLiMMP_sample_0046","BLI20_MA_008","2020-09-02",20.7,"unfiltered-molybdate",0.0230279237647504,0.0407303344104835,0.0341004961174304,15.5322680246312,6.24779403345422,27.7456647398844,0.10550770058772,-0.0818983466573196,-0.0353069354001576,5.94853454127276,3.70019789154692,14.4144144144144
"BLiMMP_sample_0046","BLI20_MA_009","2020-09-02",20.7,"filtered-unamended",-0.00167795792520503,0.00161634288689391,0.000494836146792039,13.3501446265668,11.8996765538907,39.1752577319588,0.407209511693729,0.0831858517363904,0.163837179392221,4.82632761715155,7.59575051180167,23.2704402515723
"BLiMMP_sample_0046","BLI20_MA_010","2020-09-02",20.7,"filtered-unamended",0.00479718093854034,0,0.00143175139580567,5.91631275486035,12.8257371870339,37.1052631578947,0.114140846073967,0.0778128868700525,0.0868281091610878,6.91284823660458,9.42117513608713,29.2682926829268
"BLiMMP_sample_0048","BLI20_MA_011","2020-09-02",15.5,"unfiltered-unamended",0.0569741953378205,0.042457644417228,0.0428960600011785,9.76774675045788,10.0036690103406,32.4522760646109,0.259515428133919,0.0159534594996748,0.0728641252582728,12.8879991846319,4.01919512152868,20.0440528634361
"BLiMMP_sample_0048","BLI20_MA_012","2020-09-02",15.5,"unfiltered-molybdate",0.0433732157784163,0.0332577876036359,0.0341095268418858,13.1090159531128,7.34065471614524,28.0334728033473,0.180558833643175,-0.0827767962644592,-0.0194724176702078,3.82113140335529,4.77252493611942,15.2887882219706
"BLiMMP_sample_0048","BLI20_MA_013","2020-09-02",15.5,"unfiltered-unamended",0.0973986704652928,0.0784725443780338,0.0774852513868099,20.6385554213401,10.1479906851593,39.300134589502,-0.0258846982142818,-0.0394515302846315,-0.0361809069779379,10.1221698493182,5.73491880133859,22.2459893048128
"BLiMMP_sample_0048","BLI20_MA_014","2020-09-02",15.5,"unfiltered-molybdate",0.0521521663701169,0.0284645771646299,0.0332381024706757,17.0450791765189,6.06756027491139,27.8350515463918,0.141802822102625,-0.109503543350599,-0.0501184948019656,3.62581728097004,5.55038016010691,17.2619047619048
"BLiMMP_sample_0048","BLI20_MA_015","2020-09-02",15.5,"unfiltered-unamended",0.0911425489125742,0.0550670791579807,0.0600562878567734,17.8769205848146,11.920406166289,41.6666666666667,0.0611791198781912,-0.0533135622040242,-0.0257382147177175,1.55663355484843,8.54797268419857,23.5357917570499
"BLiMMP_sample_0048","BLI20_MA_016","2020-09-02",15.5,"unfiltered-molybdate",0.0449121714271183,0.0188155757421835,0.0249211059173205,26.7012969136989,3.14199505897496,28.7705956907478,-0.064464987418979,-0.00461825266218237,-0.0189714539238242,23.4707255625094,-3.47975243207164,12.2004357298475
"BLiMMP_sample_0048","BLI20_MA_017","2020-09-02",15.5,"unfiltered-unamended",0.0737846469644443,0.0673832678508352,0.064150666425034,13.7857850228576,9.4649642113334,33.5854765506808,0.36024577754778,-0.0598011635417886,0.0411345225551945,6.92619038417843,4.13348069398681,16.0462130937099
"BLiMMP_sample_0048","BLI20_MA_018","2020-09-02",15.5,"unfiltered-molybdate",0.0492935386545218,0.00717681887503364,0.0172336057030943,29.6932099828663,0.355444972675168,25.4156769596199,-0.173600191371183,0.0649834732874797,0.00818237751636802,25.3305013896504,-0.993365735977574,18.986083499006
"BLiMMP_sample_0048","BLI20_MA_019","2020-09-02",15.5,"filtered-unamended",0,0.00133546045474565,0.00093777492109968,20.6488942969558,5.52071627867457,29.3820933165195,-0.00880701557835964,0.0377006324059363,0.0266795944591404,9.41828142592617,4.5883480761674,19.1331923890063
"BLiMMP_sample_0048","BLI20_MA_020","2020-09-02",15.5,"filtered-unamended",0,0.00170351422253179,0.00120757338317636,13.6000669123292,4.45880576684984,21.9883040935672,0.271103420551674,0.0341677732770953,0.0919408667013698,1.95061889284998,3.70067402093787,11.2692763938316
"BLiMMP_sample_0050","BLI20_MA_021","2020-09-02",11,"unfiltered-unamended",0.0101658600941112,0.00771088332887593,0.00783051377930525,19.3920568590486,10.797305770443,40.0593471810089,-0.0739779370851067,0.0107326170224286,-0.0108843513812801,13.6945902402511,4.87274590513001,23.0550284629981
"BLiMMP_sample_0050","BLI20_MA_022","2020-09-02",11,"unfiltered-molybdate",0.00553670547266019,0.000747004331110196,0.00204474149994569,27.9133142776219,5.73273863924011,35.8374384236453,0.113825318268564,-0.0528742642472453,-0.010102419047241,22.0898287148315,1.7389307205695,23.1822070145423
"BLiMMP_sample_0050","BLI20_MA_023","2020-09-02",11,"unfiltered-unamended",0.00623237815850277,0.0127729650424541,0.00988237994477967,22.2951830052512,10.3226411363506,41.1589895988113,0.274632404592907,-0.0778551194465083,0.0130410585523401,12.2939977858576,3.76114693711648,19.5845697329377
"BLiMMP_sample_0050","BLI20_MA_024","2020-09-02",11,"unfiltered-molybdate",0.00402887160298842,0.00329621335624333,0.00337283532482864,15.1394780799621,5.75344487090662,26.4475743348983,-0.0285478280890201,-0.0292613677773833,-0.029077040158573,10.5735777618241,2.10200210852816,14.4200626959248
"BLiMMP_sample_0050","BLI20_MA_025","2020-09-02",11,"unfiltered-unamended",0.0123995377055558,0.00895865783017235,0.00965873586274126,29.9905734654287,4.21251407197589,34.9659863945578,-0.121948173832127,0.092840279734889,0.0369841003999323,20.2626591773717,-0.849207080822726,16.5103189493433
"BLiMMP_sample_0050","BLI20_MA_026","2020-09-02",11,"unfiltered-molybdate",0.00210260748938443,0.00423146091187983,0.00351162281102677,19.8146825098504,4.62380326462884,27.7864992150706,0.141859927579426,-0.0563906238242155,-0.00448387865826688,15.0166870370875,0.401334437003035,14.5717463848721
"BLiMMP_sample_0050","BLI20_MA_027","2020-09-02",11,"unfiltered-unamended",0.0111004506330059,0.0034650795562775,0.00548384856219121,26.0641321714986,3.47209388736309,30.5555555555556,-0.127471668618481,0.0912697926026561,0.0339085571100894,12.8672723587593,1.88857596933759,16.0087719298246
"BLiMMP_sample_0050","BLI20_MA_028","2020-09-02",11,"filtered-unamended",0.00527569088152859,0,0.00142885475005615,39.7225940952547,2.25857523706166,40.2464065708419,0.171046197579479,0.0191370612804713,0.0590814161797091,21.9021921954072,7.22591740291735,35.0340136054422
"BLiMMP_sample_0050","BLI20_MA_029","2020-09-02",11,"filtered-unamended",-0.00381149142481702,0.000748014806291845,-0.000526738306784627,27.4281752479685,3.09844649001984,31.3570487483531,0.211759413936581,-0.0727261663776197,0.0027784190783336,13.5487942985195,4.55680957440929,22.7848101265823
"BLiMMP_sample_0050","BLI20_MA_030","2020-09-02",11,"unfiltered-unamended",0,0.0132607151314232,0.00832924599384031,17.4897089408405,9.77960456381547,37.4045801526718,0.287707702749381,-0.101270875622933,0.00226688001764173,2.93149160206679,5.37129683545056,16.1904761904762
"BLiMMP_sample_0062","BLI20_MA_032","2020-10-10",20.9,"unfiltered-molybdate",0.0545185185185185,0.0339041125614564,0.0386762614680865,11.0491367861886,5.78630187715523,23.5059760956175,-0.1408,-0.0149139431843641,-0.0489031806998971,15.886524822695,1.45972615537325,18.0425531914894
"BLiMMP_sample_0062","BLI20_MA_033","2020-10-10",20.9,"unfiltered-molybdate",0.0435668610779285,0.0287333122687909,0.0329968323742103,13.0501692828563,-1.90195911441227,8.18713450292397,-0.0695251720810677,0.0157165498853879,-0.00757298213560002,10.2880658436214,-5.50478968569506,-2.77777777777778
"BLiMMP_sample_0062","BLI20_MA_036","2020-10-10",20.9,"unfiltered-molybdate",0.0509783609103824,0.0327496086276081,0.0370809396166459,3.22237799734525,5.11711360700844,15.5897435897436,0.0554818241590104,-0.0350978102136851,-0.0102282066171512,1.43339312114588,4.84715427015654,13.4302822925577
"BLiMMP_sample_0062","BLI20_MA_039","2020-10-10",20.9,"unfiltered-unamended",0.0968786921255072,0.16129151721927,0.137649677043973,7.45238356938348,5.35831909900406,19.60569550931,0.0760823121290771,-0.0543978632145072,-0.0207952404093559,7.29426134686786,1.57913797037407,10.3542234332425
"BLiMMP_sample_0062","BLI20_MA_040","2020-10-10",20.9,"unfiltered-unamended",0.137719952536196,0.167388633931449,0.147618128199521,-19.0138185061792,9.34380591896436,10.9929078014184,0.141479429861373,-0.102367328117626,-0.038879726155066,-11.4011875600564,6.49210152981131,8.12379110251451
"BLiMMP_sample_0062","BLI20_MA_041","2020-10-10",20.9,"unfiltered-molybdate",0.0687837410521429,0.0300107142537131,0.0398041908357735,3.09597599900335,2.86632944300769,10,0.0503670866852194,0.00756090652414351,0.0185691806700051,0.824829868374619,0.970923121242478,3.2377428307123
"BLiMMP_sample_0062","BLI20_MA_043","2020-10-10",20.9,"unfiltered-unamended",0.223788940200113,0.073456960725793,0.112737011118001,7.40030042200391,-1.01243896233295,4.31848852901485,-0.0740953107391624,0.0479189638366388,0.0159929313887526,12.7750328999279,-1.69194557103526,7.80219780219781
"BLiMMP_sample_0062","BLI20_MA_044","2020-10-10",20.9,"unfiltered-unamended",0.243408253875373,0.0930325243978185,0.132381739871443,1.28104665679532,3.030946817729,8.86571056062582,-0.190295495732374,-0.0204894848104515,-0.065132510479641,-2.85340202935938,2.45800417078288,3.86363636363637
"BLiMMP_sample_0062","BLI20_MA_045","2020-10-10",20.9,"filtered-unamended",0,0,0,-0.7384772287168,4.69697385387802,11.4382785956965,-0.00734653812030593,0.0772176157498674,0.0548751404091997,-0.648186275305104,1.65815096886147,3.6779324055666
"BLiMMP_sample_0062","BLI20_MA_046","2020-10-10",20.9,"filtered-unamended",-0.00519283883533692,0.00148475541483,-0.000353760026885762,10.5458464009846,2.06275372579899,14.5021645021645,0.2279501521297,0.0975795069350591,0.132168163876924,3.68984823767002,0.748863534159888,5.25803310613437
"BLiMMP_sample_0064","BLI20_MA_047","2020-10-10",15.7,"unfiltered-molybdate",0.00939506018150752,NA,NA,21.1198978724932,NA,NA,-0.226724387515498,NA,NA,7.71070070706018,NA,NA
"BLiMMP_sample_0064","BLI20_MA_050","2020-10-10",15.7,"unfiltered-unamended",0.115267186250688,NA,NA,5.75435506854652,NA,NA,-0.294135812557654,NA,NA,0.787606590504106,NA,NA
"BLiMMP_sample_0064","BLI20_MA_051","2020-10-10",15.7,"unfiltered-molybdate",0.0617018585987472,NA,NA,16.5863378176928,NA,NA,-0.266013287002361,NA,NA,9.25595355819018,NA,NA
"BLiMMP_sample_0064","BLI20_MA_053","2020-10-10",15.7,"unfiltered-molybdate",0.0114649681528662,NA,NA,17.3375267595211,NA,NA,-0.225174664506629,NA,NA,8.58103326256192,NA,NA
"BLiMMP_sample_0064","BLI20_MA_055","2020-10-10",15.7,"unfiltered-unamended",0.0314714284748306,NA,NA,18.3805353429279,NA,NA,-0.148956513898937,NA,NA,0.516374324853985,NA,NA
"BLiMMP_sample_0064","BLI20_MA_056","2020-10-10",15.7,"unfiltered-unamended",0.0207332714552993,NA,NA,12.2406957333346,NA,NA,-0.0916183899635852,NA,NA,4.47793386044573,NA,NA
"BLiMMP_sample_0064","BLI20_MA_057","2020-10-10",15.7,"unfiltered-molybdate",0.00561636902208881,NA,NA,17.7773509134336,NA,NA,0.0276116693115188,NA,NA,4.81095890725145,NA,NA
"BLiMMP_sample_0064","BLI20_MA_059","2020-10-10",15.7,"unfiltered-unamended",0.0345196330412922,NA,NA,20.0728400787707,NA,NA,-0.330543770199797,NA,NA,7.68985899844579,NA,NA
"BLiMMP_sample_0064","BLI20_MA_061","2020-10-10",15.7,"filtered-unamended",-0.00196815977250214,NA,NA,44.3827557179238,NA,NA,-0.145787830540872,NA,NA,21.0496874513296,NA,NA
"BLiMMP_sample_0064","BLI20_MA_062","2020-10-10",15.7,"filtered-unamended",0.00175190095794715,NA,NA,29.5313040886608,NA,NA,-0.105347427829689,NA,NA,8.17441694581484,NA,NA
"BLiMMP_sample_0073","BLI20_MA_063","2021-09-10",10.8,"unfiltered-unamended",-0.00655779346829844,0.00520617345802769,0,22.1131919966513,-3.74050866333327,15.5435624741017,-0.250469725239255,0.0625814081588306,-0.0788678851511587,15.0967590539217,-4.41904651128238,8.79068961069675
"BLiMMP_sample_0073","BLI20_MA_064","2021-09-10",10.8,"unfiltered-molybdate",0,0.00258633285674602,0.00142582900287869,25.0243845535156,-2.17315099983324,19.5265540283176,-0.134144674040305,0.141920290528632,0.0163988949245931,20.9151309568994,-3.27691778417316,15.0311204501598
"BLiMMP_sample_0073","BLI20_MA_065","2021-09-10",10.8,"unfiltered-unamended",0.0107660679092875,-0.00756754800619992,0.00129709171036832,5.49856218765048,9.08454513619699,13.4914497892295,-0.0166152399438282,-0.0342062048549046,-0.0261184073788062,8.16398915265852,5.11320066869178,11.8399609925544
"BLiMMP_sample_0073","BLI20_MA_066","2021-09-10",10.8,"unfiltered-molybdate",0.00280317029084288,0,0.00141435999092991,5.65609629778879,18.5635980677331,22.6105821122094,0.194051653892051,-0.0817013720277392,0.0444191245687295,-2.56931977907084,8.44257212948076,6.51055356350371
"BLiMMP_sample_0073","BLI20_MA_067","2021-09-10",10.8,"unfiltered-unamended",0,0,0,22.574037387316,-3.68001693073945,15.7530893784955,0.134687665066215,0.208584219656234,0.17550564832571,9.74171963263795,-16.5163264580352,-7.49210642814864
"BLiMMP_sample_0073","BLI20_MA_068","2021-09-10",10.8,"unfiltered-molybdate",0.00384642024657893,-0.0254454585173879,-0.0121509121029218,8.72550894375818,4.65353841797609,11.6596770963659,-0.104747964714662,0.121028516562242,0.0216094037687074,13.6237162662816,-2.79728321347263,8.58335203064703
"BLiMMP_sample_0073","BLI20_MA_069","2021-09-10",10.8,"unfiltered-unamended",0.00438114637217407,0.00340799434284412,0.00383717256494513,32.068368704019,-1.46403431101686,25.1366019266639,-0.0353178246260905,0.100136079472679,0.0403680724813152,20.0453396835512,-10.0217142350102,7.72686199380374
"BLiMMP_sample_0073","BLI20_MA_070","2021-09-10",10.8,"unfiltered-molybdate",-0.00344810408532973,-0.0028212041862279,-0.00310024784272834,19.5472966485311,1.73984600416037,17.7123951797376,0.0246506673512937,0.0267303991514931,0.0258038316455378,13.0819876946391,-7.68150667012085,3.78010904487025
"BLiMMP_sample_0073","BLI20_MA_071","2021-09-10",10.8,"filtered-unamended",-0.0124193401157988,0,-0.00531797944155611,60.0991646187624,-4.21903371214226,46.4931156407792,-0.357954840263368,0.078225900530747,-0.112654240548403,45.7625943171518,-16.2436270937228,26.4716293901958
"BLiMMP_sample_0073","BLI20_MA_072","2021-09-10",10.8,"filtered-unamended",0.0107535140829376,-0.00894219738615877,0,16.983483012468,7.26482339099182,20.2568942065754,0.323410843723704,0.114857396882817,0.205464920597432,2.14346209119438,-7.62886905867635,-6.13490786783877
"BLiMMP_sample_0074","BLI20_MA_073","2021-09-10",11.9,"unfiltered-unamended",0.00327957400297733,-0.00284165833947178,0,1.93028440602251,4.91381147028131,6.47390177567316,0.21241657249189,0.112156065562001,0.157436220414433,2.02862013063735,6.28749340596266,7.91233948673549
"BLiMMP_sample_0074","BLI20_MA_074","2021-09-10",11.9,"unfiltered-molybdate",0.00480370853180981,-0.00117097457782753,0.00136013947080938,3.23583136942516,-11.1776857085321,-8.3431734983053,0.112378043382367,0.180202676856689,0.149767569085311,6.56724898868825,-12.9885386095977,-7.02219702514204
"BLiMMP_sample_0074","BLI20_MA_075","2021-09-10",11.9,"unfiltered-unamended",0.0048343398399998,0.0185661237497336,0.0126295549627075,14.8338443029874,-4.1268736600569,8.40611084443811,0.1651945541567,0.185734151506739,0.17660285527874,10.6430441279277,-7.04557673739666,2.12561369563424
"BLiMMP_sample_0074","BLI20_MA_076","2021-09-10",11.9,"unfiltered-molybdate",0,-0.00615148487686229,-0.00325063424689863,-6.05057553087202,6.18056279411439,1.46470931471848,0.198909460476178,-0.0873924226944272,0.0426169672415286,-10.4882416997365,11.0327090264433,3.28548993521926
"BLiMMP_sample_0074","BLI20_MA_077","2021-09-10",11.9,"unfiltered-unamended",0.019093925625087,0.020504710557693,0.0200267160584417,2.60984533987985,-9.44449848902459,-7.37670091546112,0.292130259224972,0.0813088958709998,0.174038285333064,4.48237556787287,-7.67311411804467,-3.97351002054413
"BLiMMP_sample_0074","BLI20_MA_078","2021-09-10",11.9,"unfiltered-molybdate",0.0101739720308285,0.008321890904294,0.00913978395902491,11.1657479668579,2.83998495754739,11.6746000487331,0.0327511320216015,0.0170738204478457,0.0240137357656514,11.0596685597142,4.00275066938838,12.6704143056022
"BLiMMP_sample_0074","BLI20_MA_079","2021-09-10",11.9,"unfiltered-unamended",0.0206809897584446,0.0124409856012437,0.0160560249742353,-2.86339005502978,4.60407267011882,2.60284383346559,0.345065450701474,0.188026021187304,0.25603852415734,-3.28897380447493,1.31958300431584,-1.1966265097641
"BLiMMP_sample_0074","BLI20_MA_080","2021-09-10",11.9,"unfiltered-molybdate",0.00614472983783518,0.00705523863006606,0.00666620441088798,5.78226937949577,-1.33623907288716,3.30607514573204,0.22572327709301,-0.0167453462077895,0.0891964638604327,-1.8605304932505,-1.40495587530043,-2.95325861182682
"BLiMMP_sample_0074","BLI20_MA_081","2021-09-10",11.9,"filtered-unamended",-0.0206520380357447,0.00356937196037606,-0.00538339778423818,24.3341692310658,-30.622779990701,-6.50438698704725,-0.0173882507042211,0.428461119199911,0.236004616848287,19.2470613661741,-35.2702738540981,-15.8970093314582
"BLiMMP_sample_0074","BLI20_MA_082","2021-09-10",11.9,"filtered-unamended",0.0105856862968871,-0.00667593774306518,0.000759451932903338,15.7015561541514,0.989358677905509,13.137426904196,0.0953955282402753,0.165796888133315,0.135647888557741,19.728471564422,-5.25062482065036,10.7492920859592
"BLiMMP_sample_0077","BLI20_MA_083","2021-09-10",19.9,"unfiltered-unamended",0.118208439087989,0.132418807822581,0.125501224376017,0.843799061008793,5.23793950490082,5.87066503859597,0.348750768369046,0.0196844466482871,0.167619126624772,-2.03561203795268,6.66070224288513,5.09078289667205
"BLiMMP_sample_0077","BLI20_MA_084","2021-09-10",19.9,"unfiltered-molybdate",0.0331378785445574,0.0202524565578668,0.0256899076235197,36.2595424085369,-20.5524625299955,14.8922763759277,-0.12035203938996,0.174917591307043,0.0424611967616689,32.7384266327142,-24.324906815889,8.70351888879202
"BLiMMP_sample_0077","BLI20_MA_085","2021-09-10",19.9,"unfiltered-unamended",0.169595260318221,0.185721553720098,0.178165650638483,27.2515943308064,2.78152563389458,24.0620632906576,0.0190559993157604,0.11033535650125,0.0698134726432145,19.3628939277373,2.06375856621314,17.2967531986682
"BLiMMP_sample_0077","BLI20_MA_086","2021-09-10",19.9,"unfiltered-molybdate",0.0343243260896215,0.0418645720557348,0.0385844419056445,15.5894729225947,-0.617541049021139,11.8450383927178,0.0256824185391859,-0.00361901323075582,0.00923052805171019,6.78955546528115,-1.24029158269245,4.20412312025573
"BLiMMP_sample_0077","BLI20_MA_087","2021-09-10",19.9,"unfiltered-unamended",0.171886810608794,0.170391533583665,0.170657435227175,3.01945015724636,3.90028619064715,6.20462847720809,0.242061003648551,0.175338450482835,0.204720128297831,1.18906680663861,-8.40136432640514,-7.41252375444318
"BLiMMP_sample_0077","BLI20_MA_088","2021-09-10",19.9,"unfiltered-molybdate",0.0263813332192447,0.0344460344893096,0.0307685714981938,4.03774439461504,4.33110581681906,7.40547290124713,0.0811901687752542,-0.00277225842183332,0.0336201442948278,-6.35493818591279,10.4253154274937,6.18021584286517
"BLiMMP_sample_0077","BLI20_MA_089","2021-09-10",19.9,"unfiltered-unamended",0.0938389081598918,0.19511490257804,0.146819696464955,24.4946075848156,13.2212383387554,29.7134812597912,0.345269748500676,0.00865804559426576,0.151577790452914,14.7741101037016,6.77393686632635,17.431129232931
"BLiMMP_sample_0077","BLI20_MA_090","2021-09-10",19.9,"unfiltered-molybdate",0.0152060991343705,0.028433983167839,0.0211796950122229,12.4658359408783,27.4092302167106,34.9775783959154,0.0368226025071882,-0.199950726023489,-0.0987255876460453,7.50608324789046,20.3962069599952,25.4669357100344
"BLiMMP_sample_0077","BLI20_MA_091","2021-09-10",19.9,"filtered-unamended",-0.0143667108676824,-0.00608136612187303,-0.00962108061936237,3.83239461103167,-2.07544119524289,0.903479997028237,0.195717059912961,0.225546852847905,0.212699946582953,-1.5043876976923,-10.7625697164003,-12.2761543300251
"BLiMMP_sample_0077","BLI20_MA_092","2021-09-10",19.9,"filtered-unamended",0.0025008907882905,0.00331585979578775,0.00302059131802887,13.6354660466588,-16.859482085527,-4.52400740654752,0.415352187330871,0.242485899364245,0.318006054870688,4.35426656778068,-17.4342762171411,-13.592511769322
"BLiMMP_sample_0081","BLI20_MA_093","2021-10-14",14.2,"unfiltered-unamended",0.0186620721385765,-0.0221491384960368,0.0011917082502312,32.1022297599106,13.4484838085278,41.933275032099,-0.0890764351851793,-0.018622460062219,-0.0566610904135566,16.8845326635181,11.446267211576,26.315750132479
"BLiMMP_sample_0081","BLI20_MA_094","2021-10-14",14.2,"unfiltered-molybdate",0,0,0,31.306391790394,3.58371610908269,34.8566184614393,-0.170754497080019,0.0634639660170251,-0.0614636623629089,20.304355898329,-2.55060553672066,19.3440688054496
"BLiMMP_sample_0081","BLI20_MA_095","2021-10-14",14.2,"unfiltered-unamended",0.00697275533669864,0,0.00358841309439986,18.7958452559667,-10.4109276828335,12.2520146875328,-0.0284687839674812,0.0678220673689011,0.0159441950523678,13.9920827806308,-13.6345845888432,4.24803712790061
"BLiMMP_sample_0081","BLI20_MA_096","2021-10-14",14.2,"unfiltered-molybdate",0.0022033622501292,-0.00734379245409763,-0.00231832430222804,29.0290605589933,-1.42834478867208,29.0787324288675,-0.191233689147943,0.0115943664100275,-0.095810627229828,20.1848948428218,-1.03630982225855,20.1047658290664
"BLiMMP_sample_0081","BLI20_MA_097","2021-10-14",14.2,"unfiltered-unamended",0,0.00219828215380314,0.00101493320127047,26.6318251644647,0.804890057871036,28.3020618678614,-0.0947224452002747,0.113066027929386,0.00156248394032823,17.9270626557122,-4.84321006109259,15.1523741535485
"BLiMMP_sample_0081","BLI20_MA_098","2021-10-14",14.2,"unfiltered-molybdate",0.0117499630027752,-0.00221652191028886,0.00519879040034712,19.559797778015,0.129764440985644,20.3336857010219,-0.1071263756808,0.09055739024345,-0.0143388875230484,13.8896689500178,-0.489819475957783,13.9880574957777
"BLiMMP_sample_0081","BLI20_MA_099","2021-10-14",14.2,"unfiltered-unamended",0.00340600980660269,0,0.00189856171410345,18.8955331223898,5.65339417542083,24.0960872619148,-0.0956581518048381,-0.0514671838670271,-0.07547855797281,16.6628301227731,5.25890375882287,21.5552437350377
"BLiMMP_sample_0081","BLI20_MA_100","2021-10-14",14.2,"unfiltered-molybdate",0.00308148120183828,0,0.00182875528059772,9.24232316511653,18.0821794690114,24.3410450428666,-0.00226709075272772,-0.168036576001975,-0.0775580197524369,4.62540459523521,18.9659194541612,20.9507561492543
"BLiMMP_sample_0081","BLI20_MA_101","2021-10-14",14.2,"filtered-unamended",-0.00417908708580771,0.00477591355031196,0,30.5259632429055,-8.13719019943395,28.0355525943232,-0.269204229323636,0.0348927386162702,-0.132500981486029,25.4532061192665,-1.81539803123902,26.2217309922227
"BLiMMP_sample_0081","BLI20_MA_102","2021-10-14",14.2,"filtered-unamended",0,-0.00238110462969137,-0.00111529835015417,30.3178255371482,-9.52655891454154,27.0149288223355,-0.19799680176625,0.223707296448844,-0.00813286794784688,24.033558977088,-15.3293764928269,15.877269136555
"BLiMMP_sample_0082","BLI20_MA_103","2021-10-14",15.2,"unfiltered-unamended",0.0984206448329271,0.061002652477321,0.0803844201963115,31.5005832913922,-4.09345398574551,29.8892745182932,0.134150504374567,0.13740706935267,0.135682799663246,25.7019737732874,-8.62131694290908,20.6523999920782
"BLiMMP_sample_0082","BLI20_MA_104","2021-10-14",15.2,"unfiltered-molybdate",0.0318602482513193,0.0106747642271041,0.0215093362755986,42.8413039974512,-10.4446489718759,39.3761515818406,-0.196250533238872,0.0936272708347231,-0.0620690158692997,27.8356792396538,-8.56298981786805,23.5028900188882
"BLiMMP_sample_0082","BLI20_MA_105","2021-10-14",15.2,"unfiltered-unamended",0.104264791405452,0.0460699267113969,0.0752774761324362,33.2860708139578,-12.2126595218219,27.2353101362562,0.0196466854817836,0.226036416629575,0.116104213449134,27.6977042619679,-16.7934984109636,17.8269685577698
"BLiMMP_sample_0082","BLI20_MA_106","2021-10-14",15.2,"unfiltered-molybdate",0.0392971425624098,0.00544842893906935,0.024305355406541,30.217179198246,8.06921450241745,36.5457955389263,-0.0451647445722762,-0.0482584308321811,-0.0465990504163682,19.7971229615112,7.92931025262124,26.3552503421241
"BLiMMP_sample_0082","BLI20_MA_107","2021-10-14",15.2,"unfiltered-unamended",0.165614192108725,0.200011865667163,0.181358304012871,15.0202587127634,5.32661113678253,19.7487773325403,0.0835203619437454,0.0301566272020825,0.0590070549750573,13.043521978167,4.62603646344968,17.2355049898707
"BLiMMP_sample_0082","BLI20_MA_108","2021-10-14",15.2,"unfiltered-molybdate",0.035343139952371,0.0271625539190829,0.0314322076763147,19.5305687577021,-5.97550028534112,16.4199241887194,0.0248952055582043,-0.0115978666868269,0.00823277385790067,13.2859421327365,-7.86317188973418,8.03403264652829
"BLiMMP_sample_0082","BLI20_MA_109","2021-10-14",15.2,"unfiltered-unamended",0.0783516640264333,0.0669901768759947,0.0724523070963266,28.1980551330843,-12.1711396489024,20.5936855499751,0.1948809744945,0.0641163641495392,0.132540802328919,18.2590642953471,-8.67409563602707,12.0018934852155
"BLiMMP_sample_0082","BLI20_MA_110","2021-10-14",15.2,"unfiltered-molybdate",0.0395329146766153,0.0123620592316465,0.0275467573824194,15.850341227355,12.2222832414726,25.5830590535133,0.0183581765704439,-0.0182030750622048,0.00103348705108719,7.31136515162044,4.58870816629709,11.3600386943886
"BLiMMP_sample_0082","BLI20_MA_111","2021-10-14",15.2,"filtered-unamended",0.00433097372577751,-0.00517713330333985,0,28.6364209648089,9.85177814502378,35.4038622091751,0.108708917360941,0.183469442334556,0.144548950890935,24.7844750494896,-3.75151625447581,22.3941801312212
"BLiMMP_sample_0082","BLI20_MA_112","2021-10-14",15.2,"filtered-unamended",-0.0104300715930614,0.00176916640163958,-0.00436709844663965,28.4581292728703,-13.6202785401541,20.6976598064845,-0.038828422472201,0.34954341246526,0.142402446240707,25.539211716777,-22.1703827888388,11.6250194281669
"BLiMMP_sample_0085","BLI20_MA_113","2021-10-14",19.9,"unfiltered-unamended",0.0473106452083064,0.0269498029651307,0.0378246252898826,13.9473999003498,3.74069943330209,17.1587087220659,0.0659958418647986,0.112674693502801,0.0882254571449405,6.91416554671127,3.25996769367127,9.83755822085813
"BLiMMP_sample_0085","BLI20_MA_114","2021-10-14",19.9,"unfiltered-molybdate",-0.00148710347367384,0.00956619790226077,0.00384328329844532,31.6913979232643,-4.20608814517233,29.6161705417225,-0.0718658161518938,0.109425975689098,0.0139199355465147,18.9345681940847,-3.68738583550217,16.53106207856
"BLiMMP_sample_0085","BLI20_MA_115","2021-10-14",19.9,"unfiltered-unamended",0.021956322274157,0.0251650984333185,0.0235016543461661,28.0318942591525,-11.0398771749059,21.2518358528744,-0.115514871516662,0.354332697745239,0.107708988812151,24.2387969130736,-25.8137107038845,6.7511072722819
"BLiMMP_sample_0085","BLI20_MA_116","2021-10-14",19.9,"unfiltered-molybdate",0.0200153662787651,0.0247713349443202,0.0223140690981853,13.8129871461745,-6.17573281142018,9.19281277468376,-0.0779272984493738,0.0615876403188006,-0.0115508241412561,15.3466116525848,-14.6048831574378,4.25970995715219
"BLiMMP_sample_0085","BLI20_MA_117","2021-10-14",19.9,"unfiltered-unamended",0.0416396870980846,0.0267415170610316,0.0337243521004775,21.8552210735103,-22.4163876505567,6.32833270934713,-0.0519237876237122,0.43332619832535,0.177739198173507,18.5206249820842,-35.8595158200501,-7.7670594288922
"BLiMMP_sample_0085","BLI20_MA_118","2021-10-14",19.9,"unfiltered-molybdate",-0.00137987163564297,0.00293025927062393,0.000709649966381494,23.3739191803483,-5.56218221605895,19.9282291980857,-0.0492792646755338,0.0716346738961797,0.0078721305425736,15.5460691753747,-2.81386328544441,13.6654948259214
"BLiMMP_sample_0085","BLI20_MA_119","2021-10-14",19.9,"unfiltered-unamended",0.0492088100275337,0.00561104178583593,0.0292419448893812,27.6029035845464,7.39484564022838,32.8401124918212,0.00898571516114354,0.140394611574174,0.0716220256595474,14.1526197517308,2.07729332207546,15.9598679340748
"BLiMMP_sample_0085","BLI20_MA_120","2021-10-14",19.9,"unfiltered-molybdate",0.00600080900401775,0.0124190934370695,0.00895691379974405,28.9252788992104,7.69584906438488,34.2568886285345,-0.0262578126162315,-0.0747206212464792,-0.0493477907496826,7.23566214919793,11.2733913121887,16.9302435803945
"BLiMMP_sample_0085","BLI20_MA_121","2021-10-14",19.9,"filtered-unamended",0.00802827415356949,0.00284417323409433,0.00551064279049244,20.3183208924798,-3.77837066189401,17.8860165062856,0.012641111528112,0.159728100730568,0.0826850068314836,8.75223783880387,-9.8601337320216,0.595293964729032
"BLiMMP_sample_0085","BLI20_MA_122","2021-10-14",19.9,"filtered-unamended",0.00248721535311927,-0.00147895576226273,0.000676754039049053,10.2383533168909,7.06249257449126,16.180450911915,0.107750627266556,0.121440850118789,0.114231063152897,4.76254911033277,-0.927041012947635,4.0330095651402
